,SearchTerm,BusinessName,PotentialRelatedCompany,UBINumber,BusinessId,Address,Status,Agent,Principals,isMatch,notes
0,WORLDMARK THE CLUB,"WORLDMARK, THE CLUB","WORLDMARK, THE CLUB",601 203 364,1056986,"6277 SEA HARBOR DR, ORLANDO, FL, 32821-8027, UNITED STATES",Active,CORPORATION SERVICE COMPANY,"['BOB HARTSOCK', 'CECILIA CUEVAS', 'MARK PAYETTE', 'MARTIN HERNANDEZ']",,
2,TODAYS HOTEL SEATTLE CORPORATION,TODAY'S HOTEL SEATTLE CORPORATION,TODAY'S HOTEL SEATTLE CORPORATION,601 877 875,1047522,"1113 6TH AVE, SEATTLE, WA, 98101-3002, UNITED STATES",Active,"OMW R.A. SERVICES, LLC","['CARMEL FU', 'ROBERT C. NICHOLAS', 'VIVIAN LEE']",,
3,WIRELESS PROPCO LLC,"WIRELESS PROPCO, LLC","WIRELESS PROPCO, LLC",604 921 988,1566971,"44 S BROADWAY STE 601, WHITE PLAINS, NY, 10601-4422, UNITED STATES",Active,CORPORATION SERVICE COMPANY,['MELODY COMMUNICATIONS INFRASTRUCTURE II LLC'],,
4,MOODY NATIONAL YALE-SEATTLE HOLDINGS LLC,"MOODY NATIONAL YALE-SEATTLE HOLDING, LLC","MOODY NATIONAL YALE-SEATTLE HOLDING, LLC",603 579 184,209933,"9655 KATY FWY STE 600, HOUSTON, TX, 77024-1385, UNITED STATES",Active,CORPORATION SERVICE COMPANY,['MOODY NATIONAL OPERATING PARTNERSHIP I LP'],,
5,MARKET PLACE CENTER LTD,"MARKET PLACE CENTER, LTD.","MARKET PLACE CENTER, LTD.",600 583 233,829762,"86 PINE ST, SEATTLE, WA, 98101-1531, UNITED STATES",Active,"BS&G, INC.","['ALI HOTEL LLC', 'FIRSTDOWN LLC', 'TALITOR LLC']",,
6,MILNER VENTURES LLC,"MILNER VENTURES, LLC","MILNER VENTURES, LLC",602 259 240,334251,"31217 NE 110TH ST, CARNATION, WA, 98014-9743, UNITED STATES",Delinquent,,['CHRISTINE TAPERT'],,
7,1415 5TH AVENUE SEATTLE LLC,"1415 5TH AVENUE, SEATTLE, LLC","1415 5TH AVENUE, SEATTLE, LLC",604 186 121,60754,"C/O JUNSON CAPITAL, UNITS 5211-12, 52/F, THE CENTER, 99 QUEEN'S ROAD CENTRAL, HONGKONG, HONGKONG, HONGKONG, HONG KONG S.A.R.",Active,C T CORPORATION SYSTEM,['JUNSON ASSETS MANAGEMENT LLC'],,
8,DC SEATTLE 1 PROPERTY LLC,"DC SEATTLE 1 PROPERTY, LLC","DC SEATTLE 1 PROPERTY, LLC",604 953 695,1590580,"5314 RIVER RUN DR STE 330, PROVO, UT, 84604-5692, UNITED STATES",Active,"UNIVERSAL REGISTERED AGENTS, INC.","['ADAM RICKS', 'NATHAN TAYLOR']",,
9,SEATTLE FUNDING CORP,SEATTLE FUNDING CORP.,SEATTLE FUNDING CORP.,604 373 748,1245643,"68 S SERVICE RD STE 120, MELVILLE, NY, 11747-2350, UNITED STATES",Active,COGENCY GLOBAL INC.,"['Bernard J. Angelo', 'Damian A. Perez', 'Jill A Matarese', 'Kevin J. Corrigan', 'Kevin P. Burns', 'Nigel Bisnath', ""Timothy O'Connor""]",,
10,HT-SEATTLE OWNER LLC,"HT-SEATTLE OWNER, LLC","HT-SEATTLE OWNER, LLC",604 032 015,1121384,"217 PINE ST STE 200, SEATTLE, WA, 98101-1591, UNITED STATES",Active,"TRUSTEE AND CORPORATE SERVICES, INC.","['DAVID THYER', 'R.C. HEDREEN CO', 'RICHARD HEDREEN', 'ZAHOOR AHMED']",,
11,GIBRALTAR TOWER LLC,GIBRALTAR TOWER LLC.,GIBRALTAR TOWER LLC.,602 511 823,721870,"720 SENECA ST, SUITE B, SEATTLE, WA, 98101-3265, UNITED STATES",Active,GIBRALTAR LLC,"['GERRY PIGOTTI', 'JOHN SLONECKER', 'THOMAS W READ ESQ']",,
12,CSHV 1600 7TH AVENUE LLC,"CSHV 1600 7TH AVENUE, LLC","CSHV 1600 7TH AVENUE, LLC",603 176 819,1107609,"333 WEST WACKER DRIVE, SUITE 2300, CHICAGO, IL, 60606, UNITED STATES",Active,UNITED AGENT GROUP INC.,"['LASALLE INVESTMENT MANAGEMENT, INC.']",,
13,KR 6TH AVE LLC,"KR 6TH AVE, LLC","KR 6TH AVE, LLC",604 535 085,1326807,"12200 W OLYMPIC BLVD, SUITE 200 ATTN: LEGAL DEPARTMENT, LOS ANGELES, CA, 90064-1044, UNITED STATES",Active,PARACORP INCORPORATED,"['NATIONAL SAFE HARBOR EXCHANGES, INC.']",,
14,HUDSON 1918 EIGHTH AVENUE LLC,"HUDSON 1918 EIGHTH AVENUE, LLC","HUDSON 1918 EIGHTH AVENUE, LLC",604 678 268,1409166,"11601 WILSHIRE BLVD., 9TH FLOOR, LOS ANGELES, CA, 90025, UNITED STATES",Active,C T CORPORATION SYSTEM,"['HUDSON 1918 EIGHTH REIT, LLC']",,
15,SECOND & SPRING PROPERTY SEA LLC,SECOND AND SPRING PROPERTY (SEA) LLC,UNICO BOP WASHINGTON PARK LLC,604 431 986,1274714,"1215 4TH AVENUE, SUITE 600, SEATTLE, WA, 98161, UNITED STATES",Active,CORPORATION SERVICE COMPANY,['UNICO PROPERTIES LLC'],,
16,SECOND & SPRING PROPERTY SEA LLC,SECOND AND SPRING PROPERTY (SEA) LLC,UNICO BOP KORN WALKER LLC,604 509 326,1310047,"1215 FOURTH AVENUE, SUITE 600, SEATTLE, WA, 98161, UNITED STATES",Active,CORPORATION SERVICE COMPANY,['UNICO PROPERTIES LLC'],,
17,SECOND & SPRING PROPERTY SEA LLC,SECOND AND SPRING PROPERTY (SEA) LLC,UNICO BOP COLMAN BUILDING LLC,604 412 880,1268800,"1326 5TH AVE, SUITE 800, SEATTLE, WA, 98101-2627, UNITED STATES",Active,CORPORATION SERVICE COMPANY,['UNICO PROPERTIES LLC'],,
18,SECOND & SPRING PROPERTY SEA LLC,SECOND AND SPRING PROPERTY (SEA) LLC,UCP 2401 ELLIOTT LLC,604 166 835,1024485,"1215 FOURTH AVENUE, SUITE 600, SEATTLE, WA, 98161, UNITED STATES",Active,CORPORATION SERVICE COMPANY,['UNICO PROPERTIES LLC'],,
19,SECOND & SPRING PROPERTY SEA LLC,SECOND AND SPRING PROPERTY (SEA) LLC,SPRING AND 1111 THIRD PROPERTY (SEA) LLC,604 296 470,1217950,"1215 FOURTH AVENUE, SUITE 600, SEATTLE, WA, 98161, UNITED STATES",Active,CORPORATION SERVICE COMPANY,['UNICO PROPERTIES LLC'],,
20,SECOND & SPRING PROPERTY SEA LLC,SECOND AND SPRING PROPERTY (SEA) LLC,SECOND AND SPRING PROPERTY (SEA) LLC,604 299 552,1217955,"1215 4TH AVENUE, SUITE 600, SEATTLE, WA, 98161, UNITED STATES",Active,CORPORATION SERVICE COMPANY,['UNICO PROPERTIES LLC'],,
21,WALLYSONS INC,WALLYSONS INC.,WALLYSONS INC.,601 338 627,1053391,"711 CAPITOL WAY S STE 204, OLYMPIA, WA, 98501, UNITED STATES",Active,C T CORPORATION SYSTEM,"['MICHEL PILON', 'SEAN MURRAY']",,
22,1201 TAB OWNER LLC,"1201 TAB OWNER, LLC","1201 TAB OWNER, LLC",603 244 928,2220,"1201 3RD AVE, SEATTLE, WA, 98101, UNITED STATES",Active,C T CORPORATION SYSTEM,"['METLIFE 1201 TAB MANAGER, LLC', 'METLIFE 1201 TAB MEMBER LLC']",,
23,BPP 1420 FIFTH AVE OWNER LLC,BPP 1420 FIFTH AVENUE OWNER LLC,BPP 999 THIRD AVENUE OWNER LLC,604 467 183,1288971,"233 S WACKER DR STE 4700, CHICAGO, IL, 60606-6374, UNITED STATES",Active,CORPORATION SERVICE COMPANY,"['A.J. AGARWAL', 'ADAM LESLIE', 'AMY SMITH', 'ANDREA DRASITES', 'ANNA STOKES', 'ANNIE WANG', 'ANTHONY BEOVICH', 'ANTHONY BEOVICH', 'ANTHONY F. MARONE, JR.', 'ASIM HAMID', 'BPP 999 THIRD AVENUE PROPERTY OWNER LLC', 'BRENDAN MCINTEE', 'BRENDAN MCINTEE', 'BRIAN KAUFMAN', 'BRIAN KIM', 'BRIAN LIN', 'BRIAN LIN', 'BRITTON DERKAC', 'CHAO YAN', 'CHARLIE HOBEY', 'CHRIS GRAHAM', 'DANIELLE SANDS', 'DAVID LEVINE', 'DAVID MOORE', 'DAVID Oâ€™NEILL', 'DAVID ZACKOWITZ', 'DEONDRA CEPHUS', 'DOUG ARMER', 'ERIC LEANER', 'ERIC WU', 'FRANK COHEN', 'FRANK R. CAMPBELL', 'GIOVANNI CUTAIA', 'GLEN BARTLEY', 'IVY ISRAEL', 'JACOB WERNER', 'JOHN PRETE', 'JOSEPH ROCCO', 'JOSEPH VALANE', 'JOSHUA CARSON', 'KAREN SPROGIS', 'KATHLEEN MCCARTHY', 'KENNETH A. CAPLAN', 'LAKECIA STANFORD', 'LAUREN SOZIO', 'LEON VOLCHYOK', 'LESLIE ROBELLY', 'LISA PICARD', 'MARC LENIHAN', 'MARIKAY KLANK', 'MARK HUDSPETH', 'MARSHALL NEVINS', 'MELISSA PIANKO', 'MICHAEL ANTHONY', 'MICHAEL ANTHONY', 'MICHAEL BERINGER', 'MICHAEL LASCHER', 'MICHAEL WIEBOLT', 'MIKE FORMAN', 'MIKKI WARD', 'NADEEM MEGHJI', 'NICOLE GRIMALDI', 'NISSAN SHAH', 'PAUL GORDON', 'PAUL KOLODZIEJ', 'PAUL QUINLAN', 'PHIL BATEMAN', 'QAHIR MADHANY', 'RICHARD REYES', 'ROBERT HARPER', 'RON BERNSTEIN', 'RYAN INGLE', 'SCOTT TREBILCO', 'SEAN MILLIGAN', 'SIMON WASSERBERGER', 'SPENCER ROSE', ""T. MAX O'NEILL"", 'TOM JACK', 'TYLER HENRITZE', 'WESLEY LEPATNER', 'WILLIAM J. STEIN']",,
24,BPP 1420 FIFTH AVE OWNER LLC,BPP 1420 FIFTH AVENUE OWNER LLC,BPP 800 FIFTH PROPERTY OWNER LLC,604 371 982,1248153,"233 S WACKER DR, SUITE 4700, CHICAGO, IL, 60606-6332, UNITED STATES",Active,CORPORATION SERVICE COMPANY,"['A.J. AGARWAL', 'ADAM LESLIE', 'AMANDA BATES', 'AMY SMITH', 'ANDREA DRASITES', 'ANNA STOKES', 'ANTHONY BEOVICH', 'ANTHONY F. MARONE, JR.', 'ASIM HAMID', 'BPP 800 FIFTH MEZZ LLC', 'BRENDA HARALDSTAD', 'BRENDAN MCCRACKEN', 'BRENDAN MCINTEE', 'BRIAN KAUFMAN', 'BRIAN KIM', 'BRIAN LIN', 'BRITTON DERKAC', 'CHAO YAN', 'CHARLIE HOBEY', 'CHRIS GRAHAM', 'DANIELLE SANDS', 'DAVID LEVINE', 'DAVID MOORE', ""DAVID O'NEILL"", 'DEONDRA CEPHUS', 'DOUG ARMER', 'ERIC LEANER', 'ERIC WU', 'FRANK COHEN', 'FRANK R. CAMPBELL', 'GIOVANNI CUTAIA', 'GLEN BARTLEY', 'IVY ISRAEL', 'JACOB WERNER', 'JEFF NIRENBERG', 'JIM ANDERSON', 'JOHN PRETE', 'JOSEPH ROCCO', 'JOSEPH VALANE', 'JOSHUA CARSON', 'KAREN SPROGIS', 'KATHLEEN MCCARTHY', 'KENNETH A. CAPLAN', 'LAKECIA STANFORD', 'LAUREN SOZIO', 'LEON VOLCHYOK', 'LESLIE ROBELLY', 'MARC LENIHAN', 'MARIKAY KLANK', 'MARK HUDSPETH', 'MARSHALL NEVINS', 'MELISSA PIANKO', 'MICHAEL ANTHONY', 'MICHAEL BERINGER', 'MICHAEL LASCHER', 'MICHAEL WIEBOLT', 'MIKE FORMAN', 'MIKKI WARD', 'NADEEM MEGHJI', 'NICOLE GRIMALDI', 'NICOLE LALICH', 'NISSAN SHAH', 'PAUL GORDON', 'PAUL KOLODZIEJ', 'PAUL QUINLAN', 'PHIL BATEMAN', 'QAHIR MADHANY', 'RICHARD REYES', 'ROBERT HARPER', 'RON BERNSTEIN', 'RYAN INGLE', 'SCOTT TREBILCO', 'SIMON WASSERBERGER', 'SPENCER ROSE', 'STEVEN HAMILTON', ""T. MAX O'NEILL"", 'TIM MARCHAL', 'TOM JACK', 'TYLER HENRITZE', 'WESLEY LEPATNER', 'WILLIAM J. STEIN', 'ZACH ZABROWSKI']",,
25,BPP 1420 FIFTH AVE OWNER LLC,BPP 1420 FIFTH AVENUE OWNER LLC,BPP 1420 FIFTH AVENUE OWNER LLC,604 467 324,1286910,"233 S WACKER DR STE 4700, CHICAGO, IL, 60606-6374, UNITED STATES",Active,CORPORATION SERVICE COMPANY,"['A.J. AGARWAL', 'ADAM LESLIE', 'AMY SMITH', 'ANDREA DRASITES', 'ANNA STOKES', 'ANNIE WANG', 'ANTHONY BEOVICH', 'ANTHONY F. MARONE, JR.', 'ASIM HAMID', 'BPP 1420 FIFTH AVENUE REIT LLC', 'BRENDAN MCCRACKEN', 'BRENDAN MCINTEE', 'BRIAN KAUFMAN', 'BRIAN KIM', 'BRIAN LIN', 'BRITTON DERKAC', 'CHAO YAN', 'CHARLIE HOBEY', 'CHRIS GRAHAM', 'DANIELLE SANDS', 'DAVID LEVINE', 'DAVID MOORE', ""DAVID O'NEILL"", 'DAVID ZACKOWITZ', 'DEONDRA CEPHUS', 'DOUG ARMER', 'ERIC LEANER', 'ERIC WU', 'FRANK COHEN', 'FRANK R. CAMPBELL', 'GIOVANNI CUTAIA', 'GLEN BARTLEY', 'IVY ISRAEL', 'JACOB WERNER', 'JOHN PRETE', 'JOSEPH ROCCO', 'JOSEPH VALANE', 'JOSHUA CARSON', 'KAREN SPROGIS', 'KATHLEEN MCCARTHY', 'KENNETH A. CAPLAN', 'LAKECIA STANFORD', 'LAUREN SOZIO', 'LEON VOLCHYOK', 'LESLIE ROBELLY', 'LISA PICARD', 'MARC LENIHAN', 'MARIKAY KLANK', 'MARK HUDSPETH', 'MARSHALL NEVINS', 'MELISSA PIANKO', 'MICHAEL ANTHONY', 'MICHAEL BERINGER', 'MICHAEL LASCHER', 'MICHAEL WIEBOLT', 'MIKE FORMAN', 'MIKKI WARD', 'NADEEM MEGHJI', 'NICOLE GRIMALDI', 'NISSAN SHAH', 'PAUL GORDON', 'PAUL KOLODZIEJ', 'PAUL QUINLAN', 'PHIL BATEMAN', 'QAHIR MADHANY', 'RICHARD REYES', 'ROBERT HARPER', 'RON BERNSTEIN', 'RYAN INGLE', 'SCOTT TREBILCO', 'SEAN MILLIGAN', 'SIMON WASSERBERGER', 'SPENCER ROSE', ""T. MAX O'NEILL"", 'TOM JACK', 'TYLER HENRITZE', 'WESLEY LEPATNER', 'WILLIAM J. STEIN']",,
26,520 PIKE STREET INC,"520 PIKE STREET, INC.","520 PIKE STREET, INC.",602 347 340,10523,"45 ROCKEFELLER PLZ FL 7, NEW YORK, NY, 10111-0100, UNITED STATES",Active,"NATIONAL REGISTERED AGENTS, INC.","['JOSEPH  G DORAN', 'MICHAEL B BENNER', 'ROBERT J SPEYER']",,
27,ONNI 1411 FOURTH DEVELOPMENT LP,"ONNI 1411 FOURTH DEVELOPMENT, INC.","ONNI 1411 FOURTH DEVELOPMENT, INC.",603 587 072,859354,"5055 N 32ND ST STE 200, PHOENIX, AZ, 85018-1401, UNITED STATES",Active,"CAPITOL CORPORATE SERVICES, INC.","['LES FOVENYI', 'RICARDO BEAUSOLEIL', 'SAM PARROTTA']",,
28,101 STEWART STREET LLC,"101 STEWART STREET, LLC","101 STEWART STREET, LLC",604 518 215,1311743,"222 SOUTH RIVERSIDE PLAZA, 34TH FLOOR, CHICAGO, IL, 60606, UNITED STATES",Active,C T CORPORATION SYSTEM,['TENNESSEE CONSOLIDATED RETIREMENT SYSTEM'],,
29,PPF OFF 720 OLIVE WAY LLC,"PPF OFF 720 OLIVE WAY, LLC","PPF OFF 720 OLIVE WAY, LLC",604 288 094,1207280,"3280 PEACHTREE ROAD, NE, 20TH FLOOR, ATLANTA, GA, 30305, UNITED STATES",Active,C T CORPORATION SYSTEM,"['PPF OFF, LLC']",,
30,DP BUNKER HILL LLC,"DP BUNKER HILL, LLC","DP BUNKER HILL, LLC",603 545 500,155339,"818 W 7TH ST STE 410, LOS ANGELES, CA, 90017-3463, UNITED STATES",Active,"NATIONAL REGISTERED AGENTS, INC.",['VALERIE YIP'],,
31,EXPEDITORS INTERNATIONAL OF WASHINGTON INC,"EXPEDITORS INTERNATIONAL OF WASHINGTON, INC.","EXPEDITORS INTERNATIONAL OF WASHINGTON, INC.",600 335 063,158813,"1015 THIRD AVE, SEATTLE, WA, 98104, UNITED STATES",Active,"REGISTERED AGENT SOLUTIONS, INC.","['BENJAMIN CLARK', 'BENJAMIN CLARK', 'BENJAMIN CLARK', 'BENJAMIN CLARK', 'BRADLEY POWELL', 'BRADLEY POWELL', 'BRADLEY POWELL', 'BRADLEY POWELL', 'CHRISTOPHER MCCLINCY', 'CHRISTOPHER MCCLINCY', 'CHRISTOPHER MCCLINCY', 'CHRISTOPHER MCCLINCY', 'DANIEL WALL', 'DANIEL WALL', 'DANIEL WALL', 'DANIEL WALL', 'DIANE GULYAS', 'DIANE GULYAS', 'DIANE GULYAS', 'DIANE GULYAS', 'EUGENE ALGER', 'EUGENE ALGER', 'EUGENE ALGER', 'EUGENE ALGER', 'JAMES DUBOIS', 'JAMES DUBOIS', 'JAMES DUBOIS', 'JAMES DUBOIS', 'JEFFREY DICKERMAN', 'JEFFREY DICKERMAN', 'JEFFREY DICKERMAN', 'JEFFREY DICKERMAN', 'JEFFREY MUSSER', 'JEFFREY MUSSER', 'JEFFREY MUSSER', 'JEFFREY MUSSER', 'LIANE PELLETIER', 'LIANE PELLETIER', 'LIANE PELLETIER', 'LIANE PELLETIER', 'MARK EMMERT', 'MARK EMMERT', 'MARK EMMERT', 'MARK EMMERT', 'RICHARD ROSTAN', 'RICHARD ROSTAN', 'RICHARD ROSTAN', 'RICHARD ROSTAN', 'ROBERT CARLILE', 'ROBERT CARLILE', 'ROBERT CARLILE', 'ROBERT CARLILE']",,
32,800 STEWART LLC,"800 STEWART, LLC","800 STEWART, LLC",603 258 757,10888,"800 STEWART ST, SEATTLE, WA, 98101-1306, UNITED STATES",Active,LPSL CORPORATE SERVICES INC,"['* LPSL CORPORATE SERVICES INC', 'SHAWN BODAY']",,
33,ARZCO 1 INVESTMENT CORP,ARZCO 1 INVESTMENT CORP.,ARZCO 1 INVESTMENT CORP.,604 309 137,1219684,"8TH FLOOR GARHOUD VIEWS BUILDING, DEIRA, DUBAI, 00000, UNITED ARAB EMIRATES",Active,"UNISEARCH, INC.","['ABDULRAHIM AL ZAROONI', 'KEITH BURRELL', 'KHALID ABDULRAHIM AL ZAROONI', 'MOHAMMED ABDULRAHIM AL ZAROONI', 'OBAID ABDULRAHIM AL ZAROONI']",,
34,ALASKA TRADE BLDG LLC,"ALASKA TRADE BLDG, LLC","ALASKA TRADE BLDG, LLC",604 377 193,1256606,"8451 SE 68TH ST STE 200, MERCER ISLAND, WA, 98040-5240, UNITED STATES",Active,AZOSE COMMERCIAL PROPERTIES INC,"['AZOSE INVESTMENTS LLC', 'GEORGE E BONINI']",,
35,PIERS 55 & 56 INC,PIERS 55 & 56 L.L.C.,PIERS 55 & 56 L.L.C.,601 772 820,241274,"316 OCCIDENTAL AVE S STE 300, SEATTLE, WA, 98104-4421, UNITED STATES",Active,FIKSO KRETSCHMER SMITH DIXON ORMSETH PS,['H. MARTIN SMITH III'],,
36,PIERS 55 & 56 INC,PIERS 55 & 56 L.L.C.,MSI POLL LLC,604 337 852,1234917,"316 OCCIDENTAL AVE S STE 300, SEATTLE, WA, 98104-4421, UNITED STATES",Active,FIKSO KRETSCHMER SMITH DIXON ORMSETH PS,"['H. MARTIN SMITH III', 'H. MARTIN SMITH, III']",,
37,PIERS 55 & 56 INC,PIERS 55 & 56 L.L.C.,MSI MAYNARD LLC,604 537 696,1325768,"316 OCCIDENTAL AVE S STE 300, SEATTLE, WA, 98104-4421, UNITED STATES",Active,FIKSO KRETSCHMER SMITH DIXON ORMSETH PS,"['H. MARTIN SMITH III', 'THOMAS W. READ']",,
38,HUDSON 1099 STEWART STREET LLC,"HUDSON 1099 STEWART STREET, LLC","HUDSON 1099 STEWART STREET, LLC",604 037 980,155001,"11601 WILSHIRE BOULEVARD, NINTH FLOOR, LOS ANGELES, CA, 90025, UNITED STATES",Active,C T CORPORATION SYSTEM,"['HUDSON 1099 STEWART REIT, LLC']",,
39,1301 6TH AVENUE (WA) OWNER LLC,"1301 6TH AVENUE (WA) OWNER, LLC","1301 6TH AVENUE (WA) OWNER, LLC",604 552 088,1328666,"4700 WILSHIRE BLVD, LOS ANGELES, CA, 90010-3853, UNITED STATES",Active,PARACORP INCORPORATED,"['1301 6TH AVENUE VENTURE, LLC']",,
40,REGENCY MERIDIAN L L C,"REGENCY MERIDIAN, LLC","REGENCY MERIDIAN, LLC",603 345 924,400335,"1111 BROADWAY, OFFICE OF THE CHIEF INVESTMENT OFFICER OF THE REGENTS-UNIVERSITY OF CALIFORINIA, OAKLAND, CA, 94607-4139, UNITED STATES",Active,CORPORATION SERVICE COMPANY,['JAGDEEP SINGH BACHHER'],,
41,TMT OLIVE LAB INC,"TMT OLIVE LAB, INC.","TMT OLIVE LAB, INC.",603 122 591,1047449,"4 EMBARCADERO CTR STE 3300, SAN FRANCISCO, CA, 94111-4184, UNITED STATES",Active,C T CORPORATION SYSTEM,"['ALBERT J JEHLE', 'BIANCA TABOURN', 'BREANNA STAGGS', 'BRIAN BILL', 'DANIEL S WEAVER', 'DARIK AFSHANI', 'DOUGLAS D STURIALE', 'DREW STEPANEK', 'EILEEN TONGSON', 'ELIZABETH KIRLEY', 'JOEL SASSER', 'MARK D CARLSON', 'MATTHEW JERRY', 'MEGHAN CONCANNON', 'MEGHAN FINNERAN', 'SOLLIE A RASO', 'STEPHANIE CHRISMAN', 'WILLIAM DAVID NIX JR']",,
42,1405 FIFTH & UNION ASSOCIATES LLC,"1405 FIFTH AND UNION ASSOCIATES, LLC","1405 FIFTH AND UNION ASSOCIATES, LLC",604 172 046,1780,"4 BRYANT PARK, SUITE 502, NEW YORK, NY, 10018, UNITED STATES",Active,CORPORATION SERVICE COMPANY,['DEVONSHIRE ARCH ASSOCIATES LIMITED PARTNERSHIP'],,
43,NORDSTROM INC,"NORDSTROM, INC.","NORDSTROM, INC.",178 071 138,349702,"1617 6TH AVE, SEATTLE, WA, 98101-1707, UNITED STATES",Active,CORPORATION SERVICE COMPANY,"[""AMIE THUENER O'TOOLE"", 'ANN MUNSON STEINES', 'ANNE BRAMMAN', 'BRAD TILDEN', 'BRIAN DEFOE', 'ERIK NORDSTROM', 'GLENDA MCNEAL', 'JAMES DONALD', 'KENNETH WORZEL', 'KIRSTEN GREEN', 'MARK TRITTON', 'PETER NORDSTROM', 'STACY BROWN-PHILPOT']",,
44,ROIC WASHINGTON LLC,"ROIC WASHINGTON, LLC","ROIC WASHINGTON, LLC",603 026 438,416558,"11250 EL CAMINO REAL, SUITE 200, SAN DIEGO, CA, 92130-2677, UNITED STATES",Active,CORPORATION SERVICE COMPANY,"['RETAIL OPPORTUNITY INVESTMENTS PARTNERSHIP, LP']",,
45,BAYVIEW FARMS LLC,"BAYVIEW FARMS, LLC","BAYVIEW FARMS, LLC",603 450 846,571397,"431 BUFFALO LANE, MESA, WA, 99343, UNITED STATES",Active,WILLIAM DILLER,"[' TOM DILLER TRUST', ' WILLIAM G DILLER REVOCABLE LIV']",,
46,COLISEUM BUILDING LLC,"COLISEUM BUILDING, LLC","COLISEUM BUILDING, LLC",602 676 313,626052,"801 GRAND AVE, DES MOINES, IA, 50309, UNITED STATES",Active,CORPORATION SERVICE COMPANY,"['AVION LAKESIDE REIT, LLC', 'LLC COLISEUM BUILDING REIT']",,
47,1921 27 FIFTH AVENUE HOLDINGS LLC,"1921-27 FIFTH AVENUE HOLDINGS, LLC","1921-27 FIFTH AVENUE HOLDINGS, LLC",604 468 245,1287279,"7 PENN PLAZA, NEW YORK, NY, 10001, UNITED STATES",Active,FIKSO KRETSCHMER SMITH DIXON ORMSETH PS,"['JELB SEATTLE, LLC']",,
48,MDB LANDMARK LLC,"MDB LANDMARK, LLC","MDB LANDMARK, LLC",604 488 379,1299187,"621 SW ALDER ST STE 800, PORTLAND, OR, 97205-3623, UNITED STATES",Active,"UNISEARCH, INC.","['JORDAN MENASHE', 'JORDAN MENASHE']",,
49,1918 EIGHTH LLC,"1918 EIGHTH, LLC","1918 EIGHTH, LLC",602 735 324,3286,"225 108TH AVE NE #400, BELLEVUE, WA, 98004, UNITED STATES",Administratively Dissolved,JENNIFER D COBB,"[' S1 SEATTLE INVESTMENTS I', 'JENNIFER D COBB']",,
50,601 PINE STREET INVESTMENT GROUP INC,"601 PINE STREET INVESTMENT GROUP, INC.","601 PINE STREET INVESTMENT GROUP, INC.",602 454 789,82731,"5910 N CENTRAL EXPRESSWAY, SUITE 1200, DALLAS, TX, 75206, UNITED STATES",Active,C T CORPORATION SYSTEM,"['CHRISTE CAVANESS', 'G. ANDREWS SMITH', 'JENNIFER A. HANSON', 'PETER A. BENYO', 'STACIE S. CROWN']",,
51,CATHOLIC ARCHDIOCESE OF SEATTLE,CATHOLIC COMMUNITY FOUNDATION OF THE ARCHDIOCESE OF SEATTLE,CATHOLIC COMMUNITY FOUNDATION OF THE ARCHDIOCESE OF SEATTLE,604 792 837,1481205,"710 9TH AVE, SEATTLE, WA, 98104-2017, UNITED STATES",Active,,"['JOE SCHICK', 'JOE SCHICK', 'JOSEPH SCHICK', 'MARY SANTI', 'REV. ANTHONY BAWYN', 'REV. ANTHONY BAWYN', 'REV. EUSEBIO ELIZONDO', 'SCOTT BURNS', 'VICTOR MITRE']",,
52,OLIVE TOWER APARTMENTS L L C,OLIVE TOWER APARTMENTS LLC,VINE COURT APARTMENTS LLC,602 759 199,532406,"433 MINOR AVE N, SEATTLE, WA, 98109-5439, UNITED STATES",Active,SUSAN BOYD,"['DEVA HASSON', 'KATE JONCAS', 'LINDA CAREY', 'REBEKAH BASTIAN', 'SARAH LEWONTIN', 'SUSAN BOYD']",,
53,OLIVE TOWER APARTMENTS L L C,OLIVE TOWER APARTMENTS LLC,OREGON APARTMENTS LLC,602 755 604,367225,"433 MINOR AVE N, SEATTLE, WA, 98109-5439, UNITED STATES",Active,SUSAN BOYD,"['DEVA HASSON', 'KATE JONCAS', 'LYNDA CAREY', 'REBEKAH BASTIAN', 'SARAH LEWONTIN', 'SUSAN BOYD']",,
54,OLIVE TOWER APARTMENTS L L C,OLIVE TOWER APARTMENTS LLC,OLIVE TOWER APARTMENTS LLC,602 668 935,882437,"433 MINOR AVE N, SEATTLE, WA, 98109-5439, UNITED STATES",Active,BELLWETHER HOUSING,"['DEVA HASSON', 'KATE JONCAS', 'REBEKAH BASTIAN', 'SARAH LEWONTIN', 'SUSAN BOYD']",,
55,OLIVE TOWER APARTMENTS L L C,OLIVE TOWER APARTMENTS LLC,GRAHAM TERRY APARTMENTS LLC,602 896 887,235415,"433 MINOR AVE N, SEATTLE, WA, 98109-5439, UNITED STATES",Active,BELLWETHER HOUSING,"['DEVA HASSON', 'KATE JONCAS', 'REBEKAH BASTIAN', 'SARAH LEWONTIN', 'SUSAN BOYD']",,
56,OLIVE TOWER APARTMENTS L L C,OLIVE TOWER APARTMENTS LLC,SUNSET APARTMENTS LIMITED PARTNERSHIP,603 075 591,290372,"433 MINOR AVE N, SEATTLE, WA, 98109-5439, UNITED STATES",Active,,"['CARLA DEWBERRY', 'DEVA HASSON', 'KATE JONAS', 'REBEKAH BASTIAN', 'SUSAN BOYD']",,
57,OLIVE TOWER APARTMENTS L L C,OLIVE TOWER APARTMENTS LLC,SECURITY HOUSE LLLP,603 613 857,419522,"433 MINOR AVE N, SEATTLE, WA, 98109-5439, UNITED STATES",Active,BELLWETHER HOUSING,"['DEVA HASSON', 'KATE JONCAS', 'REBEKAH BASTIAN', 'SUSAN BOYD']",,
58,MMP OLIVIAN OWNER LLC,"MMP OLIVIAN OWNER, LLC","MMP OLIVIAN OWNER, LLC",604 555 999,1333951,"1 METLIFE WAY, WHIPPANY, NJ, 07981-1449, UNITED STATES",Active,C T CORPORATION SYSTEM,"['MMP OLIVIAN REIT, LLC']",,
59,EQR-HARBOR STEPS LLC,"EQR-HARBOR STEPS, L.L.C.","EQR-HARBOR STEPS, L.L.C.",602 519 982,190557,"TWO NORTH RIVERSIDE PLAZA, SUITE 400, CHICAGO, IL, 60606, UNITED STATES",Active,C T CORPORATION SYSTEM,"['EQR-HARBOR STEPS MEMBER, L.L.C.']",,
60,HART PINE LLC,"HART PINE, LLC","HART PINE, LLC",603 519 213,745183,"191 N WACKER DR STE 2500, CHICAGO, IL, 60606-1885, UNITED STATES",Active,C T CORPORATION SYSTEM,"['HEITMAN AMERICA REAL ESTATE HOLDING, L.P.', 'HELEN GARRAHY']",,
61,EQR-SECOND AND PINE LLC,"EQR-SECOND AND PINE, LLC","EQR-SECOND AND PINE, LLC",603 226 168,151331,"TWO NORTH RIVERSIDE PLAZA, SUITE 400, CHICAGO, IL, 60606, UNITED STATES",Active,C T CORPORATION SYSTEM,"['ERP OPERATING LIMITED PARTNERS, HIP']",,
62,M J  LEHMAN DESCENDANTS LLC,M. J. LEHMANN DESCENDANTS LLC,M. J. LEHMANN DESCENDANTS LLC,602 095 499,311686,"4903 DOON WAY, ANACORTES, WA, 98221-2905, UNITED STATES",Active,,['SUZANNE SANDERSON'],,
63,BREIER SCHEETZ PROPERTIES LLC,BREIER-SCHEETZ PROPERTIES L.L.C.,BREIER-SCHEETZ PROPERTIES L.L.C.,602 352 042,597885,"464 12TH AVE, SUITE 201, SEATTLE, WA, 98122-7050, UNITED STATES",Active,FREDRICK B SCHEETZ,"['ELIZABETH VON DOEMMING', 'FREDERICK SCHEETZ', 'NICHOLAS SCHEETZ', 'RAYMOND SCHEETZ']",,
64,1ST & PINE PROPERTY OWNER LLC,1ST AND PINE PROPERTY OWNER LLC,1ST AND PINE PROPERTY OWNER LLC,604 172 196,62390,"12100 OLYMPIC BLVD. #350, LOS ANGELES, CA, 90064, UNITED STATES",Terminated,PARACORP INCORPORATED,['JERRY WISE'],,
65,TW FAIRMOUNT PARTNERS L P,TW FAIRMOUNT PARTNERS LP,TW FAIRMOUNT PARTNERS LP,602 966 962,509515,"1907 1ST AVE, SEATTLE, WA, 98101-1039, UNITED STATES",Active,MPBA SERVICE COMPANY LLC,"['TW BRIGHT STARS, LLC']",,
66,JJ&G CAMLIN LLC,"JJ&G CAMLIN, LLC","JJ&G CAMLIN, LLC",602 870 263,769751,"2001 WESTERN AVE #330, SEATTLE, WA, 98121, UNITED STATES",Active,TEUTSCH PARTNERS,"['JOHN TEUTSCH', 'JOHN WALKER']",,
67,1 BOND TOWER LLC,"1 BOND TOWER, LLC","1 BOND TOWER, LLC",603 393 469,768,"2100 MCKINNEY AVE #800, DALLAS, TX, 75201, UNITED STATES",Withdrawn,CORPORATION SERVICE COMPANY,"['TC BOND TOWER MEMBER, LLC']",,
68,1915 3RD AVE LP,1915 3RD AVE LLC,1915 3RD AVE LLC,603 558 821,2922,"918 SOUTH ST STE 1018, SEATTLE, WA, 98134, UNITED STATES",Administratively Dissolved,,"['HERZEL HAZAN', 'LORIN CHRISTEAN', 'PATRICK REILLY', 'SHIMON MIZRAHI']",,
69,EXECUTIVE HOTEL SEATTLE L L C,EXECUTIVE HOTEL SEATTLE LLC,EXECUTIVE HOTEL SEATTLE LLC,602 499 594,1113446,"4420 132ND ST SE, SUITE 201, MILL CREEK, WA, 98012, UNITED STATES",Active,JEFFREY E PTATT,"[' EXCUTIVE MANAGEMENT INC', 'SALAHUDDIN CHAGANI']",,
70,PIONEER SQUARE HOTEL CO,PIONEER SQUARE HOTEL COMPANY,PIONEER SQUARE HOTEL COMPANY,600 617 852,932172,"77 YESLER WAY, SEATTLE, WA, 98104-2530, UNITED STATES",Active,BART SEIDLER,['BART SEIDLER'],,
71,PANAMA INTERNATIONAL CORP,PANAMA INTERNATIONAL CORPORATION,PANAMA INTERNATIONAL CORPORATION,601 004 835,367555,"605 1/2 S MAIN ST, SEATTLE, WA, 98104-2754, UNITED STATES",Active,JANICE JOHNSON,['JAN JOHNSON'],,
72,710 SECOND AVE (WA) OWNER LLC,"710 SECOND AVE (WA) OWNER, LLC","710 SECOND AVE (WA) OWNER, LLC",604 363 275,1250229,"4700 WILSHIRE BLVD, LOS ANGELES, CA, 90010-3853, UNITED STATES",Active,PARACORP INCORPORATED,['CIM SMA I-B INVESTMENTS LLC'],,
73,SELIG HOLDINGS COMPANY LLC,SELIG HOLDINGS COMPANY L.L.C.,SREH 2018 MANAGEMENT LLC,604 433 466,1275295,"1000 2ND AVE STE 1800, SEATTLE, WA, 98104-3619, UNITED STATES",Active,,['MARTIN SELIG'],,
74,SELIG HOLDINGS COMPANY LLC,SELIG HOLDINGS COMPANY L.L.C.,SREH 2018 HOLDINGS LLC,604 433 468,1275297,"1000 2ND AVE STE 1800, SEATTLE, WA, 98104-3619, UNITED STATES",Active,,['MARTIN SELIG'],,
75,SELIG HOLDINGS COMPANY LLC,SELIG HOLDINGS COMPANY L.L.C.,SREH 2014 LLC,603 391 691,1017673,"1000 2ND AVE STE 1800, SEATTLE, WA, 98104-3619, UNITED STATES",Active,,['MARTIN SELIG'],,
76,SELIG HOLDINGS COMPANY LLC,SELIG HOLDINGS COMPANY L.L.C.,SELIG HOLDINGS COMPANY L.L.C.,602 559 881,928036,"1000 2ND AVE STE 1800, SEATTLE, WA, 98104-3619, UNITED STATES",Active,,['MARTIN SELIG'],,
77,SELIG HOLDINGS COMPANY LLC,SELIG HOLDINGS COMPANY L.L.C.,88 VINE LLC,604 638 328,1374207,"1000 2ND AVE STE 1800, SEATTLE, WA, 98104-3619, UNITED STATES",Active,,"['JOHN M GREELEY', 'MARTIN SELIG']",,
78,SELIG HOLDINGS COMPANY LLC,SELIG HOLDINGS COMPANY L.L.C.,300 FIFTH AVENUE LLC,604 670 512,1399595,"1000 2ND AVE STE 1800, SEATTLE, WA, 98104-3619, UNITED STATES",Active,,"['JOHN M. GREELEY', 'MARTIN SELIG']",,
79,T C 4 & MADISON LLC,T-C 4TH & MADISON LLC,T-C 4TH & MADISON LLC,603 282 482,1017402,"730 3RD AVE, NEW YORK, NY, 10017-3206, UNITED STATES",Active,CORPORATION SERVICE COMPANY,['CLPF T-C 4TH AND MADISON LLC'],,
80,COLLINS BUILDING LLC,THE COLLINS BUILDING COALITION,THE COLLINS BUILDING COALITION,602 934 252,469042,"2418 CALIFORNIA STREET #C, EVERETT, WA, 98201, UNITED STATES",Inactive,SUSAN PELLEGRINI,"['JEFF HALL', 'SUSAN PELLEGRINI']",,
81,COLLINS BUILDING LLC,"COLLINS FINE HOMEBUILDING, LLC","COLLINS FINE HOMEBUILDING, LLC",603 528 051,1105761,"1023 S THORP HWY, ELLENSBURG, WA, 98926-8006, UNITED STATES",Active,LUCAS COLLINS,"['LUCAS COLLINS', 'LUCAS COLLINS']",,
82,COLLINS BUILDING LLC,"COLLINS BUILDING, LLC","COLLINS BUILDING, LLC",604 976 252,1601986,"208 JAMES ST, SEATTLE, WA, 98104-2220, UNITED STATES",Active,SAMIS FOUNDATION,"['JEFFREY C STEINERT', 'SAMIS FOUNDATION']",,
83,COLLINS BUILDING LLC,"COLLINS BUILDING, LLC","HARTFORD BUILDING, LLC",604 990 747,1609954,"208 JAMES ST, SEATTLE, WA, 98104-2220, UNITED STATES",Active,SAMIS LAND CO,"['JEFFREY C STEINERT', 'JEFFREY C STEINERT', 'SAMIS LAND CO', 'SAMIS LAND CO']",,
84,COLLINS BUILDING LLC,COLLINS BUILDING REDEVELOPMENT GROUP LLC,COLLINS BUILDING REDEVELOPMENT GROUP LLC,602 579 848,82515,"2232 BROADWAY STE 101, EVERETT, WA, 98201, UNITED STATES",Administratively Dissolved,RICHARD SULLIVAN,['RICHARD SULLIVAN'],,
85,HUDSON MERRILL PLACE L L C,"HUDSON MERRILL PLACE, LLC","HUDSON MERRILL PLACE, LLC",603 368 506,748554,"11601 WILSHIRE BOULEVARD, NINTH FLOOR, LOS ANGELES, CA, 90025, UNITED STATES",Active,C T CORPORATION SYSTEM,"['HUDSON PACIFIC PROPERTIES, L.P.']",,
86,HUDSON MERRILL PLACE L L C,"HUDSON MERRILL PLACE, LLC","HUDSON FIRST & KING, LLC",603 316 717,217798,"11601 WILSHIRE BOULEVARD, NINTH FLOOR, LOS ANGELES, CA, 90025, UNITED STATES",Active,C T CORPORATION SYSTEM,"['HUDSON PACIFIC PROPERTIES, L.P.']",,
87,GREF 111 SOUTH JACKSON LP,"GREF 111 SOUTH JACKSON, LP","GREF 111 SOUTH JACKSON, LP",603 504 015,721462,"222 S RIVERSIDE PLZ FL 34, CHICAGO, IL, 60606-6886, UNITED STATES",Active,C T CORPORATION SYSTEM,"['GREF 111 SOUTH JACKSON GP, LLC']",,
88,ONE HUNDRED KING L L C,"ONE HUNDRED KING, LLC","ONE HUNDRED KING, LLC",603 062 948,887963,"437 BEAVER ST FL 2, SEWICKLEY, PA, 15143-1543, UNITED STATES",Active,C T CORPORATION SYSTEM,['NICK MURRAY'],,
89,GLOBE PARTNERS LLC,GLOBE PARTNERSHIPS LLC,GLOBE PARTNERSHIPS LLC,604 929 540,1570102,"2528 S WILKESON ST, TACOMA, WA, 98405-3129, UNITED STATES",Active,,"['HILARY JOHNSON', 'HILARY JOHNSON', 'JOHNATHON WILLIAMS']",,
90,GLOBE PARTNERS LLC,"GLOBE PARTNERS, LLC","GLOBE PARTNERS, LLC",602 023 571,135138,"85 S WASHINGTON ST STE 211, SEATTLE, WA, 98104-3403, UNITED STATES",Active,"MAKENSAY REAL ESTATE SERVICES, INC.","['GRANT JONES', 'ILZE JONES']",,
91,GLOBE PARTNERS LLC,"GLOBE BUILDING PARTNERS, LLC","GLOBE BUILDING PARTNERS, LLC",603 417 335,209429,"807 W SHOSHONE PL, SPOKANE, WA, 99203, UNITED STATES",Active,JOHN W. PARISEAU,"[' THE JOHNS FARM LP', 'JOHN PARISEAU', 'KEVIN EDWARDS', ""MARK D'AGOSTINO"", 'MARK LAX']",,
92,BURKE-STATE BLDG LLC,"BURKE-STATE BLDG., LLC",MSI - 1ST & KING LLC,602 739 680,880019,"316 OCCIDENTAL AVE S, STE 300, SEATTLE, WA, 98104-4421, UNITED STATES",Active,FIKSO KRETSCHMER SMITH DIXON ORMSETH PS,"['H  MARTIN SMITH, III']",,
93,BURKE-STATE BLDG LLC,"BURKE-STATE BLDG., LLC","BURKE-STATE BLDG., LLC",601 728 210,101420,"316 OCCIDENTAL AVE S, STE 300, SEATTLE, WA, 98104, UNITED STATES",Active,FIKSO KRETSCHMER SMITH DIXON ORMSETH PS,"['H  MARTIN SMITH, III']",,
94,NEUBERT FAMILY LIMITED PARTNERSHIP,THE NEUBERT FAMILY LIMITED PARTNERSHIP,THE NEUBERT FAMILY LIMITED PARTNERSHIP,602 546 418,1071888,"61 BENSON CREEK DR, TWISP, WA, 98856-9606, UNITED STATES",Active,,['THOMAS A HENSON'],,
95,505 UNION STATION LTD,505 UNION STATION MM INC,505 UNION STATION MM INC,602 347 627,361253,"505 5TH AVE S STE 900, SEATTLE, WA, 98104-3821, UNITED STATES",Merged,C T CORPORATION SYSTEM,"['ADA HEALEY', 'ALISON IVEY', 'ALLEN D ISRAEL', 'DANIELLE HARPER', 'JO LYNN ALLEN', 'SUSAN DRAKE', 'TIM MULLIGAN', 'WILLIAM HILF']",,
96,505 UNION STATION LTD,505 UNION STATION LLC,505 UNION STATION LLC,602 347 763,9316,"505 5TH AVE S #900, SEATTLE, WA, 98104, UNITED STATES",Active,C T CORPORATION SYSTEM,"['CITY INVESTORS MM INC', 'JO LYNN ALLEN, EXECUTOR OF THE ESTATE OF PAUL G ALLEN']",,
97,BCSP MARITIME BUILDING,BCSP MARITIME BUILDING LLC,BCSP MARITIME BUILDING LLC,604 282 227,1205818,"275 E BROAD ST, COLUMBUS, OH, 43215-3703, UNITED STATES",Active,CORPORATION SERVICE COMPANY,"['MATTHEW WORLEY', 'STRS OHIO WA REAL ESTATE INVESTMENTS, LLC']",,
98,TEMASEK L L C,"TEMASEK, L.L.C.","TEMASEK, L.L.C.",601 930 871,1154643,"601 UNION ST, SUITE 4100, SEATTLE, WA, 98101-1368, UNITED STATES",Active,"WKG, INC.",['HOOI CHAY PHNG'],,
99,GC COLUMBIA LLC,"GC COLUMBIA, LLC","GC COLUMBIA, LLC",603 523 026,718576,"818 W 7TH ST, STE 410, LOS ANGELES, CA, 90017-3463, UNITED STATES",Active,C T CORPORATION SYSTEM,"['GC COLUMBIA REIT, LLC']",,
100,GC COLUMBIA LLC,"GC COLUMBIA TRS, LLC","GC COLUMBIA TRS, LLC",604 304 584,1221458,"818 W 7TH ST STE 410, 818 W. 7TH STREET, STE 410, LOS ANGELES, CA, 90017-3463, UNITED STATES",Active,C T CORPORATION SYSTEM,"['GC COLUMBIA, LLC']",,
101,WASHINGTON SHOE BUILDING LLC,"WASHINGTON SHOE BUILDING, LLC","WASHINGTON SHOE BUILDING, LLC",602 647 733,1054283,"208 JAMES ST #C, SEATTLE, WA, 98104, UNITED STATES",Active,LINDA SULLIVAN,"['ANNE DEVOE LAWLER', 'SAMIS LAND CO']",,
102,HOWARD BUILDING SEATTLE LLC,"HOWARD BUILDING SEATTLE, LLC","HOWARD BUILDING SEATTLE, LLC",603 468 238,154242,"614 1ST AVE, SUITE 400, SEATTLE, WA, 98104-2255, UNITED STATES",Active,"SEL, INC.",[' BILL SPEIDEL ENTERPRISES INC'],,
103,8 S WELLER LLC,8 S WELLER LLC,8 S WELLER LLC,604 900 906,1548903,"3926 AURORA AVE N, SEATTLE, WA, 98103-7802, UNITED STATES",Active,,"['ED KIM', 'ED KIM']",,
104,COMPASS CENTER HOUSING DEVELOPMENT,COMPASS CENTER HOUSING DEVELOPMENT,COMPASS CENTER HOUSING DEVELOPMENT,601 201 571,84798,"220 DEXTER AVE N, SEATTLE, WA, 98109-5104, UNITED STATES",Active,COMPASS HOUSING ALLIANCE,"['JONATHAN PERRINO', 'KIRBY UNTI', 'LISA APLIN', 'PAT COLEMAN']",,
105,NEW ENGLAND BUILDING LLC,NEW ENGLAND BUILDING LLC,NEW ENGLAND BUILDING LLC,601 893 989,868875,"85 S WASHINGTON ST STE 211, SEATTLE, WA, 98104-3403, UNITED STATES",Active,NEW ENGLAND BUILDING LLC,"['DICK VON HAGEL', 'EIVOR VON HAGEL', 'MARKUS VON HAGEL', 'RICHARD VON HAGEL']",,
106,COLUMBIA TRUST COMPANY,COLUMBIA TRUST COMPANY,COLUMBIA TRUST COMPANY,601 768 877,632805,"805 SW BROADWAY STE 780, PORTLAND, OR, 97205-3344, UNITED STATES",Active,,"['DAVID BELL', 'ROB HOWELL']",,
107,PTL PROPERTY LIMITED PARTNERSHIP,PTL PROPERTY LIMITED PARTNERSHIP,PTL PROPERTY LIMITED PARTNERSHIP,602 493 349,942810,"220 3RD AVE S #100, SEATTLE, WA, 98104, UNITED STATES",Active,PTL PROPERTY LIMITED PARTNERSHIP,['* TRIO GENERAL PARTNER INC.'],,
108,TRPF MILLENNIUM TOWER LLC,TRPF MILLENNIUM TOWER LLC,TRPF MILLENNIUM TOWER LLC,604 193 771,1165953,"730 3RD AVE, MS:730/12/02, NEW YORK, NY, 10017-3206, UNITED STATES",Active,CORPORATION SERVICE COMPANY,['TIAA-CREF REAL PROPERTY FUND REIT LLC'],,
109,PRU 114 LLC,PRU 114 LLC,PRU 114 LLC,602 720 016,904120,"114 ALASKAN WAY S, SUITE 120, SEATTLE, WA, 98104, UNITED STATES",Active,DAVID ZARETT,['DAVID ZARETT'],,
110,GOOD ARTS LLC,GOOD ARTS LLC,GOOD ARTS LLC,603 532 228,715921,"1117 MINOR AVE, SEATTLE, WA, 98101-4246, UNITED STATES",Active,C T CORPORATION SYSTEM,['HISTORIC SEATTLE'],,
111,CATHAY INVESTMENT LLC,CATHAY INVESTMENT LLC,CATHAY INVESTMENT LLC,602 650 413,600956,"6421 W MERCER WAY, MERCER ISLAND, WA, 98040-4857, UNITED STATES",Active,,"['RICHARD YU', 'TSUNG HSING CHU']",,
112,CRE LOWMAN PARTNERS LLC,CRE LOWMAN PARTNERS LLC,CRE LOWMAN PARTNERS LLC,604 523 850,1314604,"2930 WESTLAKE AVE N STE 100, SEATTLE, WA, 98109-1968, UNITED STATES",Active,ACB SERVICES LLC,"['CHARLES E SHIGLEY', 'CHRIS GARVIN']",,
113,CRE LOWMAN PARTNERS LLC,CRE LOWMAN PARTNERS LLC,CRE 315 MAYNARD LLC,604 247 595,1200900,"2930 WESTLAKE AVE N, STE100, SEATTLE, WA, 98109-1968, UNITED STATES",Active,ACB SERVICES LLC,"['CHARLES E SHIGLEY', 'CHRIS GARVIN']",,
114,PIONEER PRESERVATION ASSOCIATES LP,PIONEER PRESERVATION ASSOCIATES LP,PIONEER PRESERVATION ASSOCIATES LP,604 987 469,1611994,"139 S BEVERLY DR STE 309, BEVERLY HILLS, CA, 90212-3040, UNITED STATES",Active,REGISTERED AGENTS INC.,"['BLDG PIONEER MANAGER LLC', 'RAINBOW - QUINTESSA, LLC']",,
115,223 YESLER LLLP,223 YESLER LLLP,223 YESLER LLLP,604 269 683,1197255,"1253 S JACKSON ST STE A, SEATTLE, WA, 98144-3075, UNITED STATES",Active,"UNISEARCH, INC.","['223 YESLER GP LLC', '223 YESLER GP LLC']",,
116,CRE HH PARTNERS LLC,CRE HH PARTNERS LLC,CRE HH PARTNERS LLC,604 830 699,1514341,"2930 WESTLAKE AVE N STE 100, SEATTLE, WA, 98109-1968, UNITED STATES",Active,ACB SERVICES LLC,['CADENCE REAL ESTATE ADVISORS LLC'],,
117,GEE HOW OAK TIN FOUNDATION,GEE HOW OAK TIN FOUNDATION,GEE HOW OAK TIN FOUNDATION,601 115 612,708289,"519 7TH AVE S, SEATTLE, WA, 98104-2971, UNITED STATES",Active,TONY CHANG CPA PLLC,"['FANG HONG LEE', 'GILBER CHIN', 'JACKSON CHAN', 'MICHAEL CHEN']",,
118,S-QOZB LLC,S-QOZB LLC,UV 316 ALASKAN LLC,604 006 184,1072571,"701 5TH AVE STE 6400, SEATTLE, WA, 98104-7100, UNITED STATES",Active,C T CORPORATION SYSTEM,['URBAN VISIONS MANAGEMENT LLC'],,
119,S-QOZB LLC,S-QOZB LLC,S-QOZB LLC,604 387 188,1257707,"701 5TH AVE STE 6400, SEATTLE, WA, 98104-7100, UNITED STATES",Active,C T CORPORATION SYSTEM,"['ALSON, COURTNAGE & BASSETTI LLP', 'URBAN VISIONS MANAGEMENT LLC']",,
120,GOVERNOR BUILDING LLC,GOVERNOR BUILDING LLC,GOVERNOR BUILDING LLC,602 636 059,235085,"1200 WESTLAKE AVE N STE 608, SEATTLE, WA, 98109-3529, UNITED STATES",Active,,"['GLEN GARRISON', 'HENRY PANG', 'JEFFREY TILDEN', 'PANG FAMILY LLC', 'RONALD TILDEN', 'WILLIAM SMART']",,
121,CAI SUNLIGHT PROPERTIES LLC,CAI SUNLIGHT PROPERTIES LLC,CAI SUNLIGHT PROPERTIES LLC,604 765 156,1465552,"8411 MAPLE LANE, MERCER ISLAND, WA, 98040, UNITED STATES",Active,,"['AMY ENG', 'JAMIE TRAN', 'ZHEN YONG CAI']",,
122,SUSTAINABLE URBAN DEVELOPMENT #1 LLC,SUSTAINABLE URBAN DEVELOPMENT #1 LLC,SUSTAINABLE URBAN DEVELOPMENT #1 LLC,602 383 985,1001361,"816 2ND AVE STE 300, SEATTLE, WA, 98104-1534, UNITED STATES",Administratively Dissolved,,"['DANA F BECKLEY', 'GREGORY SMITH']",,
123,OK HOTEL APARTMENTS LLC,OK HOTEL APARTMENTS LLC,OK HOTEL APARTMENTS LLC,604 826 163,1507726,"300 LENORA ST # 246, SEATTLE, WA, 98121-2411, UNITED STATES",Active,,"['YUAN ZHANG', 'YUAN ZHANG']",,
124,GRE DOWNTOWNER LLC,GRE DOWNTOWNER LLC,GRE DOWNTOWNER LLC,603 044 709,206128,"2801 ALASKAN WAY STE 310, SEATTLE, WA, 98121-1135, UNITED STATES",Active,"NATIONAL REGISTERED AGENTS, INC.",['JOHN GOODMAN'],,
125,GRE DOWNTOWNER LLC,GRE DOWNTOWNER LLC,ELLIS COURT APARTMENTS LLC,603 066 681,185080,"2801 ALASKAN WAY STE 310, SEATTLE, WA, 98121-1135, UNITED STATES",Active,"NATIONAL REGISTERED AGENTS, INC.",['JOHN GOODMAN'],,
126,ASCONA SEATTLE LLC,ASCONA SEATTLE LLC,CASTLE LLC,604 019 399,96526,"801 2ND AVE STE 700, SEATTLE, WA, 98104-1573, UNITED STATES",Active,"TRUSTEE AND CORPORATE SERVICES, INC.",['MILESTONE MANAGERS LLC'],,
127,ASCONA SEATTLE LLC,ASCONA SEATTLE LLC,ASCONA SEATTLE LLC,604 167 691,41977,"801 2ND AVE STE 700, SEATTLE, WA, 98104-1573, UNITED STATES",Active,"TRUSTEE AND CORPORATE SERVICES, INC.",['MILESTONE MANAGERS LLC'],,
128,INTERNATIONAL HOUSE APARTMENTS LLC,INTERNATIONAL HOUSE APARTMENTS LLC,INTERNATIONAL HOUSE APARTMENTS LLC,604 109 108,237451,"30 HUDSON YARDS, 72ND FL, NEW YORK, NY, 10001-2170, UNITED STATES",Active,CORPORATION SERVICE COMPANY,"['AOF INTERNATIONAL HOUSE LLC', 'JAVELIN RA 2022 MANAGER, LLC']",,
129,ALPS HOTEL LLC,ALPS HOTEL LLC,TRIANON LLC,601 984 474,505811,"4223 12TH AVE NE, SEATTLE, WA, 98105-5901, UNITED STATES",Active,CHRISTOPHER KOH,"['CHRISTOPHER KOH', 'DAVID KOH']",,
130,ALPS HOTEL LLC,ALPS HOTEL LLC,HONG KONG BUILDING LLC,602 299 720,729854,"4223 12TH AVE NE, SEATTLE, WA, 98105-5901, UNITED STATES",Active,CHRISTOPHER J KOH,"['CHRISTOPHER KOH', 'DAVID KOH', 'MARIA KOH']",,
131,ALPS HOTEL LLC,ALPS HOTEL LLC,ALPS HOTEL LLC,602 294 041,538964,"621 S KING ST, SEATTLE, WA, 98104-2943, UNITED STATES",Active,CHRISTOPHER J KOH,"['CHRISTOPHER KOH', 'DAVID KOH']",,
132,ALPS HOTEL LLC,ALPS HOTEL LLC,MILWAUKEE LLC,602 298 896,207610,"668 S KING ST, SEATTLE, WA, 98104, UNITED STATES",Active,CHRISTOPHER J KOH,"['AUDREY KOH', 'BARBARA KOH', 'CHRIS KOH', 'DAVID KOH']",,
133,FAIRFIELD WASHINGTON TERRACE LP,FAIRFIELD WASHINGTON TERRACE LP,FAIRFIELD WASHINGTON TERRACE LP,604 530 063,1321455,"5355 MIRA SORRENTO PL, SUITE 100, SAN DIEGO, CA, 92121-3803, UNITED STATES",Active,CORPORATION SERVICE COMPANY,"['FRH WASHINGTON TERRACE LLC', 'FRH WASHINGTON TERRACE LLC']",,
134,MAIN STREET INTERIM LLC,MAIN STREET INTERIM LLC,MAIN STREET INTERIM LLC,602 355 440,315546,"409 MAYNARD AVE S, SUITE P2, SEATTLE, WA, 98104, UNITED STATES",Administratively Dissolved,VERONICA WOOD,"[' INTERIM HOUSING ASSOCIATION', ' NEF ASSIGNMENT CORPORATION']",,
135,DA LI INTERNATIONAL LLC,DA LI INTERNATIONAL LLC,DA LI INTERNATIONAL LLC,603 592 405,649974,"450 S MAIN ST STE 168, SEATTLE, WA, 98104-5172, UNITED STATES",Active,,['KAI-AN HSIEH'],,
136,HANA PLACE SEATTLE LLC,HANA PLACE SEATTLE LLC,HANA PLACE SEATTLE LLC,604 429 817,1271799,"701 5TH AVE STE 5700, SEATTLE, WA, 98104-7014, UNITED STATES",Active,SECURITY PROPERTIES INC,['HANA PLACE JV LLC'],,
137,LOUISA HOTEL REDEVELOPMENT LLC,LOUISA HOTEL REDEVELOPMENT LLC,LOUISA HOTEL REDEVELOPMENT LLC,604 163 166,308563,"1414 31ST AVE S STE 300, SEATTLE, WA, 98144-3955, UNITED STATES",Active,CORPORATION SERVICE COMPANY,['LOUISA HOTEL LLC'],,
138,IBORROW 201 1ST AVENUE OWNER LLC,IBORROW 201 1ST AVENUE OWNER LLC,IBORROW 201 1ST AVENUE OWNER LLC,604 506 135,1308422,"12100 WILSHIRE BLVD STE 510, LOS ANGELES, CA, 90025-7139, UNITED STATES",Terminated,CORPORATION SERVICE COMPANY,['BRIAN M. GOOD'],,
139,DREAM LEGACY PRU SPE LLC,DREAM LEGACY PRU SPE LLC,DREAM LEGACY PRU SPE LLC,603 538 073,1110497,"155 108TH AVE NE STE 500, BELLEVUE, WA, 98004-5901, UNITED STATES",Active,"COLUMBIA WEST PROPERTIES, INC.",['CWP PRU LLC'],,
140,PALLADIAN HOTEL LLC,PALLADIAN HOTEL LLC,PALLADIAN HOTEL LLC,604 247 091,1195770,,,GEM REAL ESTATE PARTNERS,"['GEM REAL ESTATE PARTNERS LLC', 'PALLADIAN HOTEL LLC']",,
141,PALLADIAN HOTEL LLC,PALLADIAN HOTEL LLC,PALLADIAN HOTEL LLC,604 281 143,1207593,"2000 2ND AVE, SEATTLE, WA, 98121-2234, UNITED STATES",Active,"TRUSTEE AND CORPORATE SERVICES, INC.","['GEM REAL ESTATE PARTNERS, LLC']",,
142,2601 ELLIOTT OWNER LLC,2601 ELLIOTT OWNER LLC,2601 ELLIOTT OWNER LLC,604 767 289,1466481,"235 MONTGOMERY ST FL 15, SAN FRANCISCO, CA, 94104-3102, UNITED STATES",Active,CORPORATION SERVICE COMPANY,['SRI TWELVE 2601 ELLIOTT HOLDINGS LLC'],,
143,VIRGINIA STREET REIT LLC,VIRGINIA STREET REIT LLC,VIRGINIA STREET REIT LLC,603 425 160,1066574,"1215 4TH AVE #2400, SEATTLE, WA, 98161, UNITED STATES",Voluntarily Dissolved,C T CORPORATION SYSTEM,[' BCIMC (USA) REALTY INC.'],,
144,BIT BCAL BLANCHARD PROPERTY LLC,BIT BCAL BLANCHARD PROPERTY LLC,BIT BCAL BLANCHARD PROPERTY LLC,604 361 055,1247272,"200 STATE ST, 5TH FLOOR, BOSTON, MA, 02109, UNITED STATES",Active,C T CORPORATION SYSTEM,['BIT BCAL BLANCHARD JV LLC'],,
145,TOUCHSTONE WEST 8TH BUILDING LLC,TOUCHSTONE WEST 8TH BUILDING LLC,TOUCHSTONE WEST 8TH BUILDING LLC,602 656 991,1157800,"7 GIRALDA FARMS, 3RD FLOOR, MADISON, NJ, 07940, UNITED STATES",Voluntarily Dissolved,C T CORPORATION SYSTEM,"['JAMES D OHANLON', 'TOUCHSTONE WEST 8TH LLC']",,
146,2020 FIFTH HOLDINGS LLC,2020 FIFTH HOLDINGS LLC,2020 FIFTH HOLDINGS LLC,604 314 880,1223363,"1700 7TH AVE STE 1800, SEATTLE, WA, 98101-1312, UNITED STATES",Active,,['2020 FIFTH AVENUE LLC'],,
147,GREAT LAKE INVESTMENT CORPORATION,GREAT LAKE INVESTMENT CORPORATION,GREAT LAKE INVESTMENT CORPORATION,603 433 108,238226,"11900 NE 1ST ST, STE 300 RM 3094, BELLEVUE, WA, 98005-3049, UNITED STATES",Active,JAE HYO PARK,['JAE HYO PARK'],,
148,BELLTOWN ON FIRST LIMITED PARTNERSHIP,BELLTOWN ON FIRST LIMITED PARTNERSHIP,BELLTOWN ON FIRST LIMITED PARTNERSHIP,604 865 694,1534711,"1201 838 W HASTINGS ST, VANCOUVER, BC, V6C 0A6, CANADA",Active,"UNISEARCH, INC.","['BOSA PROPERTIES (BELLTOWN ON FIRST) GP LLC', 'BRETT SANDLER', 'COLIN BOSA', 'COLIN BOSA', 'DALE BOSA', 'DAVID MCCUTCHEON']",,
149,CORNISH COLLEGE OF THE ARTS,CORNISH COLLEGE OF THE ARTS,CORNISH COLLEGE OF THE ARTS,600 178 881,112111,"1000 LENORA ST, SEATTLE, WA, 98121-2951, UNITED STATES",Active,,"['EMILY PARKHURST', 'JOHN JORDAN', 'MICHAEL FORTIN', 'SHARON CORNISH-MARTIN']",,
150,900 VIRGINIA STREET LLC,900 VIRGINIA STREET LLC,900 VIRGINIA STREET LLC,602 772 541,8082,"2015 TERRY AVE APT 309, SEATTLE, WA, 98121-2745, UNITED STATES",Active,,"['MAY LUI', 'WAH LUI']",,
151,BCAL 3005 PROPERTY LLC,BCAL 3005 PROPERTY LLC,BCAL 3005 PROPERTY LLC,604 658 165,1387779,"200 STATE ST STE 5, BOSTON, MA, 02109-2628, UNITED STATES",Active,C T CORPORATION SYSTEM,"['BCAL II, LLC']",,
152,WRI 2200 WESTLAKE LP,WRI 2200 WESTLAKE LP,WRI 2200 WESTLAKE LP,603 587 485,528804,"500 N BROADWAY, SUITE 201, JERICHO, NY, 11753, UNITED STATES",Active,C T CORPORATION SYSTEM,"['WRI WESTERN RETAIL PARTNERS GP, LLC']",,
153,2001 SIXTH LLC,2001 SIXTH LLC,2001 SIXTH LLC,602 745 341,2678,"1700 7TH AVE STE 1800, SEATTLE, WA, 98101, UNITED STATES",Active,"NATIONAL REGISTERED AGENTS, INC.","['2001 SIXTH HOLDINGS LLC', 'A M CLISE']",,
154,RISE-CG JA LOFTS LIMITED PARTNERSHIP,RISE-CG JA LOFTS LIMITED PARTNERSHIP,RISE-CG JA LOFTS LIMITED PARTNERSHIP,604 523 841,1314594,"1518 1ST AVE S STE 500, SEATTLE, WA, 98134-1456, UNITED STATES",Active,"TRUSTEE AND CORPORATE SERVICES, INC.","['JA LOFTS HOLDINGS, LLC']",,
155,NINTH AND LENORA LLC,NINTH AND LENORA LLC,NINTH AND LENORA LLC,603 427 336,855687,"125 HIGH STREET, HIGH STREET TOWER, 27TH FLOOR, BOSTON, MA, 02110, UNITED STATES",Active,C T CORPORATION SYSTEM,['NINTH AND LENORA JV LLC'],,
156,WINDSOR ADVISERS 2030 EIGHTH AVENUE LLC,WINDSOR ADVISERS 2030 EIGHTH AVENUE LLC,WINDSOR ADVISERS 2030 EIGHTH AVENUE LLC,604 200 365,1170073,"125 HIGH STREET, HIGH STREET TOWER, 27TH FLOOR, BOSTON, MA, 02110, UNITED STATES",Active,C T CORPORATION SYSTEM,"['GID EC INCENTIVE LLC', 'GID EXECUTIVE INCENTIVE LLC', 'WINDSOR DT LLC']",,
157,WA TOWER 12 APARTMENTS LLC,WA TOWER 12 APARTMENTS LLC,WA TOWER 12 APARTMENTS LLC,604 172 610,512610,"9757 NE JUANITA DR STE 300, KIRKLAND, WA, 98034-4291, UNITED STATES",Active,"WEIDNER INVESTMENT SERVICES, INC.",['W. DEAN WEIDNER'],,
158,2202 EIGHTH AVENUE LLC,2202 EIGHTH AVENUE LLC,2202 EIGHTH AVENUE LLC,603 550 293,63531,"1700 7TH AVE STE 1800, SEATTLE, WA, 98101, UNITED STATES",Active,A. M. CLISE,['CLISE VENTURE THREE LLC'],,
159,BREMER APARTMENTS LLC,BREMER APARTMENTS LLC,BREMER APARTMENTS LLC,604 667 947,1401826,"1620 12TH AVE, STE 205, SEATTLE, WA, 98122-2568, UNITED STATES",Active,COMMUNITY ROOTS HOUSING,"[' COMMUNITY ROOTS HOUSING', 'WALLER TAYLOR III']",,
160,CX3 DAVENPORT LLC,CX3 DAVENPORT LLC,CX3 DAVENPORT LLC,604 263 023,1193106,"1620 BROADWAY ST, SEATTLE, WA, 98122, UNITED STATES",Active,CX3 DAVENPORT LLC,"['SAM NAFICY', 'SUSIE NAFICY', 'SUSIE NAFICY']",,
161,ALWAYS COMPETE LLC,ALWAYS COMPETE LLC,ALWAYS COMPETE LLC,603 494 119,28912,"1200 WESTLAKE AVE N, SUITE 310, SEATTLE, WA, 98109-3528, UNITED STATES",Active,JAMES VARNELL,['COLLIN HAGSTROM'],,
162,2900 ON FIRST APARTMENTS LLC,2900 ON FIRST APARTMENTS LLC,2900 ON FIRST APARTMENTS LLC,604 936 688,1577983,"777 CALIFORNIA AVE STE 100, PALO ALTO, CA, 94304-1199, UNITED STATES",Active,C T CORPORATION SYSTEM,['PACIFIC MULTIFAMILY INVESTORS LLC'],,
163,CONCEPT ONE APARTMENTS LLC,CONCEPT ONE APARTMENTS LLC,CONCEPT ONE APARTMENTS LLC,603 392 633,85444,"4115 ROOSEVELT WAY NE, SEATTLE, WA, 98105, UNITED STATES",Administratively Dissolved,JOSEF F STANZL,['JOSEF STANZL'],,
164,AGC ARTHOUSE OWNER LLC,AGC ARTHOUSE OWNER LLC,AGC ARTHOUSE OWNER LLC,604 811 933,1494233,"C/O ANGELO, GORDON & CO., L.P., 245 PARK AVENUE, 26TH FLOOR, NEW YORK, NY, 10167, UNITED STATES",Active,C T CORPORATION SYSTEM,['AGC ARTHOUSE PARENT LLC'],,
165,RAR 2501 LLC,RAR 2501 LLC,RAR 2501 LLC,604 413 118,1268577,"3757 S RIDGEWAY PL, SEATTLE, WA, 98144-6211, UNITED STATES",Active,RAR 2501 LLC,"['MARK W ROBERTS', 'ROBERT W. ROSEN']",,
166,SOUND,SOUND,SOUND,601 097 364,448085,"6400 SOUTHCENTER BLVD, TUKWILA, WA, 98188-2547, UNITED STATES",Active,,"['EDDIE PASATIEMPO', 'KATRINA EGNER', 'MEG TAYLOR', 'TOM BOLGER']",,
167,MSI PROVIDENT LLC,MSI PROVIDENT LLC,MSI PROVIDENT LLC,602 029 841,330835,"316 OCCIDENTAL AVE S, SUITE 300, SEATTLE, WA, 98104-4421, UNITED STATES",Active,FIKSO KRETSCHMER SMITH DIXON ORMSETH PS,['H  MARTIN SMITH III'],,
168,SEATTLE INDIAN HEALTH BOARD,SEATTLE INDIAN HEALTH BOARD,SEATTLE INDIAN HEALTH BOARD,600 440 936,962119,"611 12TH AVE S, SEATTLE, WA, 98144-2007, UNITED STATES",Active,SEATTLE INDIAN HEALTH BOARD,['TOM WARREN'],,
169,ACORN DEVELOPMENT LLC,ACORN DEVELOPMENT LLC,ACORN DEVELOPMENT LLC,603 183 512,1093666,"410 TERRY AVENUE  NORTH, SEATTLE, WA, 98103, UNITED STATES",Active,CORPORATION SERVICE COMPANY,"['JOHN SCHOETTLER', 'KURT LAMP', 'MICHAEL DEAL']",,
170,ACORN DEVELOPMENT LLC,ACORN DEVELOPMENT LLC,SEATTLE CHILDREN'S HOSPITAL,178 019 356,961369,"4800 SAND POINT WAY NE, SEATTLE, WA, 98105-3901, UNITED STATES",Active,CORPORATION SERVICE COMPANY,"['COLIN FOX', 'COLLEEN FUKUI-SKETCHLEY', 'CONAN VIERNES', 'DAN LEVITAN', 'JILL BRUBAKER', 'JOEL FRENCH', 'JOHN SCHOETTLER', 'JUDITH PIERCE', 'KEN DENMAN', 'KURT SHINTAFFER', 'LOREN ALHADEFF', 'MOYA VASQUEZ', 'PATRICIA LOERA', 'RACQUEL RUSSELL', 'SUSAN BETCHER', 'TROY HUTSON']",,
171,MIDTOWN21 LLC,MIDTOWN21 LLC,MIDTOWN21 LLC,604 129 091,318280,"925 4TH AVE STE 3900, SEATTLE, WA, 98104-1113, UNITED STATES",Active,NATIONAL REGISTERED AGENTS INC,"['ANDREAS FISCHER', 'BEAU AUGUST', 'MATTHEW ARNOLDY', 'STUART GORDON']",,
172,MIDTOWN21 LLC,MIDTOWN21 LLC,1821 BOREN AVENUE LLC,604 097 725,2130,"925 4TH AVE STE 3900, SEATTLE, WA, 98104-1113, UNITED STATES",Active,"NATIONAL REGISTERED AGENTS, INC.","['ANDREA GRIGG', 'ANDREAS FISCHER']",,
173,101 DENNY LLC,101 DENNY LLC,101 DENNY LLC,603 370 372,3148,"506 2ND AVE, SUITE 1020, SEATTLE, WA, 98104-2328, UNITED STATES",Active,PR CORP SERVICES INC,['TYLER CARR'],,
174,RUNNING REBELS OWNER LLC,RUNNING REBELS OWNER LLC,RUNNING REBELS OWNER LLC,603 099 961,436138,"4747 BETHESDA AVENUE, SUITE 1100, BETHESDA, MD, 20814, UNITED STATES",Delinquent,C T CORPORATION SYSTEM,"['PEBBLEBROOK HOTEL, L.P.']",,
175,101 PINE STREET LLC,101 PINE STREET LLC,101 PINE STREET LLC,604 101 710,1332,,,CORPORATION SERVICE COMPANY,['PALIHOTEL SEATTLE LLC'],,
176,ROOSEVELT HOTEL OWNER LLC,ROOSEVELT HOTEL OWNER LLC,ROOSEVELT HOTEL OWNER LLC,603 440 553,952440,"1531 SEVENTH AVE, SEATTLE, WA, 98101, UNITED STATES",Active,GORDON D SONDLAND,[' ROOSEVELT HOTEL INVESTORS LLC'],,
177,1915 SECOND AVENUE LLC,1915 SECOND AVENUE LLC,1915 SECOND AVENUE LLC,603 176 132,3642,"2801 ALASKAN WAY, SEATTLE, WA, 98121-1134, UNITED STATES",Withdrawn,"NATIONAL REGISTERED AGENTS, INC.",['PAUL KELLER'],,
178,FIFTH & PINE LLC,FIFTH & PINE LLC,FIFTH & PINE LLC,602 452 775,176055,"2001 ROSS AVENUE, SUITE 3400, DALLAS, TX, 75201, UNITED STATES",Active,C T CORPORATION SYSTEM,"['INVESCO IF IV U.S. 5, LLC']",,
179,TOWER BUILDING LLC,TOWER BUILDING LLC,TOWER BUILDING LLC,601 893 911,1062467,"1809 7TH AVE STE 300, SEATTLE, WA, 98101-1341, UNITED STATES",Active,,[' TOWER BUILDING SEVENTH AVENUE'],,
180,TIMES SQUARE BUILDING LLC,TIMES SQUARE BUILDING LLC,TIMES SQUARE BUILDING LLC,601 893 912,1011985,"1809 7TH AVE STE 300, SEATTLE, WA, 98101-1341, UNITED STATES",Active,,"['TIMES SQUARE FIFTH AVENUE, INC']",,
181,BGO PLAZA 600 JV LLC,BGO PLAZA 600 JV LLC,BGO PLAZA 600 JV LLC,604 537 878,1328392,"1425 4TH AVE STE 200, C/O URG PLAZA 600 INVESTORS LLC,, SEATTLE, WA, 98101, UNITED STATES",Active,C T CORPORATION SYSTEM,['BGO PLAZA 600 MEMBER LLC'],,
182,1800 NINTH ACQUISITION LLC,1800 NINTH ACQUISITION LLC,1800 NINTH ACQUISITION LLC,604 533 218,1322949,"383 MADISON AVE, NEW YORK, NY, 10017-3217, UNITED STATES",Active,C T CORPORATION SYSTEM,['SSPF REIT I LLC'],,
183,BCAL MET PARK PROPERTY LLC,BCAL MET PARK PROPERTY LLC,BCAL MET PARK PROPERTY LLC,604 316 300,1221990,"200 STATE STREET 5TH FLOOR, BOSTON, MA, 02109, UNITED STATES",Active,C T CORPORATION SYSTEM,['BCP-CG MET PARK REIT LLC'],,
184,LOGAN BUILDING LLC,LOGAN BUILDING LLC,LOGAN BUILDING LLC,603 259 948,838793,"1215 4TH AVENUE, SUITE 600, SEATTLE, WA, 98161, UNITED STATES",Active,CORPORATION SERVICE COMPANY,['UNICO BOUTIQUE OFFICE PORTFOLIO LP'],,
185,LCF DECATUR LLC,LCF DECATUR LLC,LCF DECATUR LLC,602 604 949,293211,"3100 80TH AVE NE, HUNTS POINT, WA, 98004-1012, UNITED STATES",Active,,"['CATHERINE FISHER', 'ROBERT WATT III']",,
186,LBA REALTY LLC,LBA REALTY LLC,LBA REALTY LLC,602 610 453,788372,"3347 MICHELSON DR STE 200, IRVINE, CA, 92612-0687, UNITED STATES",Active,"NATIONAL REGISTERED AGENTS, INC.",['TOM RUTHERFORD'],,
187,JGB LLC,JGB LLC,JGB LLC,602 743 791,793478,"1425 4TH AVE # 420, SEATTLE, WA, 98101, UNITED STATES",Active,PACIFICA LAW GROUP LLP,"['JAMES WREGGELSWORTH', 'JOSHUA GREEN CORPORATION']",,
188,GO-BRICKMAN MIKEN OWNER LLC,GO-BRICKMAN MIKEN OWNER LLC,GO-BRICKMAN MIKEN OWNER LLC,604 336 381,1232340,"C/O BRICKMAN, ONCE GREENWICH OFFICE PARK, BUILDING 1N, SUITE 175, GREENWICH, CT, 06831, UNITED STATES",Active,C T CORPORATION SYSTEM,['GO-BRICKMAN BRODERICK MIKEN JV LLC'],,
189,GO-BRICKMAN MIKEN OWNER LLC,GO-BRICKMAN MIKEN OWNER LLC,GO-BRICKMAN BRODERICK OWNER LLC,604 336 373,1232326,"C/O BRICKMAN, ONCE GREENWICH OFFICE PARK,, BUILDING 1N, SUITE 175, GREENWICH, CT, 06831, UNITED STATES",Active,C T CORPORATION SYSTEM,['GO-BRICKMAN BRODERICK MIKEN JV LLC'],,
190,BRICKMAN VANCE OWNER LLC,BRICKMAN VANCE OWNER LLC,BRICKMAN VANCE OWNER LLC,604 189 238,574381,"399 PARK AVE, 18TH FLOOR, NEW YORK, NY, 10022, UNITED STATES",Active,C T CORPORATION SYSTEM,['GO-BRICKMAN VANCE JV LLC'],,
191,PIKE STREET INVESTORS LLC,PIKE STREET INVESTORS LLC,PIKE STREET INVESTORS LLC,602 325 768,376733,"10 STATE HOUSE SQ FL 15, HARTFORD, CT, 06103-3600, UNITED STATES",Active,CORPORATION SERVICE COMPANY,['TPF EQUITY REIT OPERATING PARTNERSHIP LP'],,
192,UNION SQUARE LIMITED LIABILITY COMPANY,UNION SQUARE LIMITED LIABILITY COMPANY,UNION SQUARE LIMITED LIABILITY COMPANY,602 265 343,499278,"600 UNIVERSITY ST STE 2820, SEATTLE, WA, 98101-1184, UNITED STATES",Active,"NATIONAL REGISTERED AGENTS, INC.","['WASHINGTON HOLDINGS, LLC']",,
193,URG PARK PLACE LLC,URG PARK PLACE LLC,URG PARK PLACE LLC,604 527 666,1315026,"1425 4TH AVE STE 500, SEATTLE, WA, 98101-2264, UNITED STATES",Active,PACIFICA LAW GROUP LLP,['URBAN RENAISSANCE GORUP LLC'],,
194,WESTERN OFFICE PORTFOLIO PROPERTY OWNER LLC,WESTERN OFFICE PORTFOLIO PROPERTY OWNER LLC,WESTERN OFFICE PORTFOLIO PROPERTY OWNER LLC,604 370 949,1250815,"1215 4TH AVE STE 600, SEATTLE, WA, 98161-1084, UNITED STATES",Active,C T CORPORATION SYSTEM,['WESTERN OFFICE PORTFOLIO MEZZ BORROWER LLC'],,
195,TILT49 OFFICE DEVELOPERS LLC,TILT49 OFFICE DEVELOPERS LLC,TILT49 OFFICE DEVELOPERS LLC,603 497 884,509627,"1425 4TH AVE STE 200, SEATTLE, WA, 98101-2274, UNITED STATES",Withdrawn,,"[' TILT49 MEMBER LLC', ' TOUCHSTONE-URG TILT49 LLC']",,
196,1415 WESTERN LLC,1415 WESTERN LLC,1415 WESTERN LLC,603 397 806,762885,"4616 25TH AVE NE, #773, SEATTLE, WA, 98105-4183, UNITED STATES",Active,AMANDA LOWELL,['TIMOTHY CAVANAUGH'],,
197,VIRGINIA STREET JOINT VENTURE LLC,VIRGINIA STREET JOINT VENTURE LLC,VIRGINIA STREET JOINT VENTURE LLC,604 063 765,1082783,"2107 ELLIOTT AVE STE 303, SEATTLE, WA, 98121-2159, UNITED STATES",Active,"UNISEARCH, INC.",['THIRD AND VIRGINIA HOLDINGS LLC'],,
198,4TH AVENUE BLDG LLC,4TH AVENUE BLDG LLC,4TH AVENUE BLDG LLC,602 253 701,95495,,Administratively Dissolved,DANNY R SCHNITZER,['DANNY SCHNITZER'],,
199,4TH AVENUE BLDG LLC,4TH AVENUE BLDG LLC,4TH AVENUE BLDG LLC,604 065 660,95496,"11221 PACIFIC HWY SW, LAKEWOOD, WA, 98499-5170, UNITED STATES",Active,,['DANNY R SCHNITZER'],,
200,4&U COMMERCIAL LLC,4&U COMMERCIAL LLC,4&U COMMERCIAL LLC,604 924 093,1570750,"1505 5TH AVE STE 600, SEATTLE, WA, 98101-1678, UNITED STATES",Active,,"['MATT ROSAUER', 'SEAN K GRIFFEE']",,
201,FANA DOYLE LLC,FANA DOYLE LLC,FANA DOYLE LLC,603 228 327,173583,"10655 NE 4TH ST STE 700, BELLEVUE, WA, 98004-5039, UNITED STATES",Active,MICHAEL W CHASE,"[' FANA PROPERTIES LLC', 'JOHN POWERS', 'MICHAEL CHASE']",,
202,TARGET CORPORATION,TARGET CORPORATION,TARGET CORPORATION,601 007 793,294338,"1000 NICOLLET MALL, MINNEAPOLIS, MN, 55403-2542, UNITED STATES",Active,C T CORPORATION SYSTEM,['ANTHONY HEREDIA'],,
203,WASHINGTON STATE CONVENTION CENTER,WASHINGTON STATE CONVENTION CENTER,WASHINGTON STATE CONVENTION CENTER,601 074 722,1075657,"800 CONVENTION PLACE, 5TH FLOOR, SEATTLE, WA, 98101, UNITED STATES",Administratively Dissolved,CHIP FIRTH,"['ED BARNES', 'JOHN CHRISTENSON', 'LINDA WILLANGER', 'ROBERT FLOWERS']",,
204,1200 HOWELL STREET LLC,1200 HOWELL STREET LLC,1200 HOWELL STREET LLC,603 485 893,59014,"1924 1ST AVE STE 300, SEATTLE, WA, 98101-4802, UNITED STATES",Active,"SW&W REGISTERED AGENTS, INC.",['BURRARD DEVELOPMENT LLC'],,
205,1942 WESTLAKE LP,1942 WESTLAKE LP,1942 WESTLAKE LP,604 488 643,1299203,"10900 NE 4TH ST STE 1440, BELLEVUE, WA, 98004-5873, UNITED STATES",Active,"UNISEARCH, INC.","['CPI 1942 WESTLAKE LLC', 'CPI 1942 WESTLAKE LLC']",,
206,T-C ASPIRA LLC,T-C ASPIRA LLC,T-C ASPIRA LLC,603 251 720,1050256,"730 3RD AVE, MS: 730/12/02, NEW YORK, NY, 10017, UNITED STATES",Active,CORPORATION SERVICE COMPANY,['NUVEEN ALTERNATIVES ADVISORS LLC'],,
207,SIXTH & PINE BUILDING LLC,SIXTH & PINE BUILDING LLC,SIXTH & PINE BUILDING LLC,602 815 703,430337,"217 PINE ST, #500, SEATTLE, WA, 98101-1590, UNITED STATES",Active,CHANG LAW GROUP PC,['CENTER SEATTLE MANGEMENT LLC'],,
208,VIKTORIA SEATTLE LLC,VIKTORIA SEATTLE LLC,VIKTORIA SEATTLE LLC,603 505 061,1037283,"10100 SANTA MONICA BOUELVARD SUITE 420, LOS ANGELES, CA, 90067, UNITED STATES",Active,"NATIONAL REGISTERED AGENTS, INC.",['FREEDONIA REALTY LLC'],,
209,PR 1430 SECOND LLC,PR 1430 SECOND LLC,PR 1430 SECOND LLC,604 855 791,1526069,"655 BROAD STREET, 14TH FLOOR, NEWARK, NJ, 07102, UNITED STATES",Active,C T CORPORATION SYSTEM,"['PRISA LHC, LLC']",,
210,SMRE MARKETSIDE LLC,SMRE MARKETSIDE LLC,SMRE MARKETSIDE LLC,603 220 361,432541,"411 W PUTNAM AVE, STE 450, GREENWICH, CT, 06830-6290, UNITED STATES",Active,CORPORATION SERVICE COMPANY,[' SMRE HARBOR HOLDINGS LLC'],,
211,DOWNTOWN EMERGENCY SERVICE CENTER,DOWNTOWN EMERGENCY SERVICE CENTER,DOWNTOWN EMERGENCY SERVICE CENTER,601 142 394,155236,"515 3RD AVE, SEATTLE, WA, 98104-2304, UNITED STATES",Active,,['DANIEL MALONE'],,
212,PLYMOUTH HOUSING GROUP,PLYMOUTH HOUSING GROUP,PLYMOUTH HOUSING GROUP,600 471 736,379461,"2113 3RD AVE, SEATTLE, WA, 98121-2321, UNITED STATES",Active,,"['BEN STRAUGHAN', 'CHUCK RILEY', 'LAINEY SICKINGER', 'LAURA BACHMAN']",,
213,POST ALLEY COURT APARTMENTS NW LLC,POST ALLEY COURT APARTMENTS NW LLC,POST ALLEY COURT APARTMENTS NW LLC,602 313 631,885421,"7820 SW WILLOWMERE DR, PORTLAND, OR, 97225-1251, UNITED STATES",Active,"SW&W REGISTERED AGENTS, INC.",['PACIFIC INSURANCE INVESTMENT COMPANY'],,
214,PUBLIC STORAGE,PUBLIC STORAGE,PUBLIC STORAGE,602 740 958,392901,"701 WESTERN AVE, SUITE 200, GLENDALE, CA, 91201-2349, UNITED STATES",Active,CORPORATION SERVICE COMPANY,"['DREW ADAMS', 'NATHAN VITAN', 'TERRANCE F. SPIDELL']",,
215,SCD 2U LLC,SCD 2U LLC,SCD 2U LLC,603 490 488,965330,"389 INTERPACE PKWY, 5TH FLOOR, PARSIPPANY, NJ, 07054-1132, UNITED STATES",Active,CORPORATION SERVICE COMPANY,['CLAES LARSSON'],,
216,MADISON HOTEL LLC,MADISON HOTEL LLC,MADISON HOTEL LLC,601 816 426,802731,"1700 7TH AVE STE 2300, SEATTLE, WA, 98101-1387, UNITED STATES",Active,"TRUSTEE AND CORPORATE SERVICES, INC.",['R.C. HEDREEN CO.'],,
217,ARCTIC CLUB HOTEL LLC,ARCTIC CLUB HOTEL LLC,ARCTIC CLUB HOTEL LLC,602 440 867,554813,"108 N WASHINGTON ST STE 603, SPOKANE, WA, 99201-5001, UNITED STATES",Administratively Dissolved,,"['CHRISTOPHER ASHENBRENER', 'STEPHEN DAY', 'WILLIAM LAWSON']",,
218,HPT IHG-2 PROPERTIES TRUST,HPT IHG-2 PROPERTIES TRUST,HPT IHG-2 PROPERTIES TRUST,603 181 390,740606,"255 WASHINGTON ST, TWO NEWTON PLACE, SUITE 300, NEWTON, MA, 02458-1634, UNITED STATES",Active,CORPORATION SERVICE COMPANY,"['ADAM D. PORTNOY', 'BRIAN E. DONLEY', 'JENNIFER B. CLARK', 'JOHN G. MURRAY', 'TODD W. HARGREAVES']",,
219,AMERICAN HOTEL BUILDING LLC,AMERICAN HOTEL BUILDING LLC,AMERICAN HOTEL BUILDING LLC,602 840 118,539763,"520 S KING ST, SEATTLE, WA, 98104-2834, UNITED STATES",Active,,['SCOTT SHAPIRO'],,
220,REDCO OCCIDENTAL 547 OWNER LLC,REDCO OCCIDENTAL 547 OWNER LLC,REDCO OCCIDENTAL 547 OWNER LLC,604 455 119,1282940,,,CORPORATE CREATIONS NETWORK INC.,['IND HOLDCO I LLC'],,
221,WLAM PROPERTY ASSOCIATION,WLAM PROPERTY ASSOCIATION,WLAM PROPERTY ASSOCIATION,602 622 734,1053842,"719 S KING ST, SEATTLE, WA, 98104-3035, UNITED STATES",Active,,"['BRUCE BRUNDIGE', 'ELLEN FERGUSON', 'JILL NISHI', 'MIMI GAN']",,
222,PIONEER BUILDING LEVEL OFFICE LLC,PIONEER BUILDING LEVEL OFFICE LLC,PIONEER BUILDING LEVEL OFFICE LLC,603 532 620,890019,"600 1ST AVE, SEATTLE, WA, 98104-2216, UNITED STATES",Active,"REGISTERED AGENT SOLUTIONS, INC.",['WILLIAM BENNETT'],,
223,HINES NORTON SEATTLE LLC,HINES NORTON SEATTLE LLC,HINES NORTON SEATTLE LLC,604 816 375,1498693,"845 TEXAS AVENUE SUITE 3300, HOUSTON, TX, 77002, UNITED STATES",Active,C T CORPORATION SYSTEM,['HUSPP PROPERTIES LP'],,
224,SAFECO PLAZA LLC,SAFECO PLAZA LLC,SAFECO PLAZA LLC,604 780 283,1476042,"800 BOYLSTON ST STE 1900, BOSTON, MA, 02199-8101, UNITED STATES",Active,C T CORPORATION SYSTEM,['SAFECO PLAZA REIT LLC'],,
225,VBGO 901 FIFTH SEA LLC,VBGO 901 FIFTH SEA LLC,VBGO 901 FIFTH SEA LLC,604 418 295,1290530,"277 E TOWN ST, COLUMBUS, OH, 43215-4627, UNITED STATES",Active,CORPORATION SERVICE COMPANY,"['DAMIANO BUFFA', 'GARY M. TISCHLER', 'JUSTIN B. KLEINMAN', 'RICHARD A. C. COLES']",,
226,GO-BRICKMAN CENTRAL OWNER LLC,GO-BRICKMAN CENTRAL OWNER LLC,GO-BRICKMAN CENTRAL OWNER LLC,604 300 012,1211955,"C/O BRICKMAN, ONCE GREENWICH OFFICE PARK, BUILDING 1N, SUITE 175, GREENWICH, CT, 06831, UNITED STATES",Active,C T CORPORATION SYSTEM,['BRICKMAN MGR LLC'],,
227,TATNUCK VENTURES LLC,TATNUCK VENTURES LLC,TATNUCK VENTURES LLC,602 628 574,472081,"2360 CORPORATE CIR STE 330, LAS VEGAS, NV, 89074, UNITED STATES",Active,C T CORPORATION SYSTEM,"['AMERICAN NEVADA COMPANY', 'BARBARA LEE']",,
228,RFA MASIN BLOCK LLC,RFA MASIN BLOCK LLC,RFA MASIN BLOCK LLC,604 773 676,1472467,"55 2ND ST STE 1900, SAN FRANCISCO, CA, 94105-3497, UNITED STATES",Active,C T CORPORATION SYSTEM,['RAZMIG BOLADIAN'],,
229,REEDO LP,REEDO LP,REEDO LP,603 010 792,255022,"12886 INTERURBAN AVE S, SEATTLE, WA, 98168, UNITED STATES",Active,ACB SERVICES LLC,['NICOLA REAL ESTATE GENERAL PARTNER LTD.'],,
230,POLSON HOLDINGS LLC,POLSON HOLDINGS LLC,POLSON HOLDINGS LLC,603 591 729,909243,"2101 FOURTH AVENUE, SUITE 310, SEATTLE, WA, 98121, UNITED STATES",Active,STANLEY PIHA,"['LOIS MAYERS', 'LORRI A. DUNSMORE']",,
231,SEATTLE DOWNTOWN HOTEL & RESIDENCES LLC,SEATTLE DOWNTOWN HOTEL & RESIDENCES LLC,SEATTLE DOWNTOWN HOTEL & RESIDENCES LLC,603 340 323,1001050,"433 CALIFORNIA ST, STE 700, SAN FRANCISCO, CA, 94104-2011, UNITED STATES",Active,C T CORPORATION SYSTEM,"['ELLIOTT DEVELOPMENT LLC', 'STANFORD HOSPITALITY INC']",,
232,BRICKMAN PACIFIC LLC,BRICKMAN PACIFIC LLC,BRICKMAN PACIFIC LLC,603 445 367,74763,"C/O BRICKMAN, ONCE GREENWICH OFFICE PARK, BUILDING 1N, SUITE 175, GREENWICH, CT, 06831, UNITED STATES",Active,C T CORPORATION SYSTEM,['BRICKMAN FUND VI REIT INC.'],,
233,KAR STANDARD LLC,KAR STANDARD LLC,KAR STANDARD LLC,604 145 518,763141,"1 FEDERAL ST FL 17, BOSTON, MA, 02110-2003, UNITED STATES",Active,CORPORATION SERVICE COMPANY,['KAONOULU RANCH LLLP'],,
