,owner_name
1,DREAM LEGACY PRU SPE LLC
2,
3,RAINIER HOSPITALITY LLC
4,SEQUIM LODGING CORPORATION
5,HIT PORTFOLIO II OWNER LLC
6,PFHC-601 ROY LLC
7,SATO FAMILY LTD PARTNERSHIP
8,CITY OF SEATTLE
9,POLYCLINIC MSO PLLC
10,THE SORRENTO HOTEL PARTNERSHIP
11,PUGET SOUND BLOOD CENTER & PROGRAM
12,ACORN DEVELOPMENT LLC
13,APPLE NINE SEATTLE FEE OWNER INC
14,US WEST COMMUNICATIONS INC
15,BILL & MELINDA GATES FOUNDATION
16,QA PARTNERS LLC
17,425 QUEEN ANNE LLC
18,HOLY NAMES ACADEMY
19,2100 BUILDING LLC
20,ROOSEVELT SQUARE REGENCY LLC
21,KING COUNTY
22,PFHC-700 5TH AVE LLC
23,CENTRAL PUGET SOUND REGIONAL TRANSIT AUTHORITY
24,COH CARE
25,STATE OF WASHINGTON
26,BEACON HOMES INC
27,SEATTLES UNION GOSPEL MISSION
28,SEATTLE PACIFIC UNIVERSITY
29,FIRST SOUTH PROPERTIES L L C
30,PAN WASHINGTON LLC
31,NW FEDERAL CREDIT UNION
32,SEATTLE UNIVERSITY
33,ORIGINAL RAINIER OWNER LLC
34,TERRENO 1ST AVENUE SOUTH LLC
35,MEPT WESTWOOD VILLAGE LLC
36,TWENTY-FOUR SAC SELF-STORAGE LP
37,LAKE UNION SILVER CLOUD INN L
38,MOHAI LEASING LLC
39,WH CY SEATTLE HOTEL LLC
40,NORTHGATE INNS INC
41,WASHINGTON ST PUBLIC STADIUM ATHRTY
42,STADIUM SILVER CLOUD INN LLC
43,PORT SEATTLE
44,JAMES TOWER LLC
45,PUBLIC STORAGE
46,CATHOLIC ARCHDIOCESE OF SEATTLE
47,GRADUATE SEATTLE OWNER LLC
48,CHSW HOLDINGS NORTHWEST LLC
49,PUGET SOUND ENERGY INC
50,BMR 201 ELLIOTT AVENUE LLC
51,LITHIA REAL ESTATE INC
52,UNIVERSITY OF WASHINGTON
53,SPIRE UDB LP
54,4300 ROOSEVELT COMMONS OWNER WA LLC
55,VIRGINIA MASON RESEARCH CENTER
56,HCP 1101 MADISON MOB LLC
57,BRE BMR 6TH LLC
58,SELIG HOLDINGS COMPANY LLC
59,SOUTH ALASKA STREET REAL ESTATE INVESTMENTS LLC
60,MICHIGAN LLC
61,CSHV NWCP SEATTLE LLC
62,ARE SEATTLE NO 11 LLC
63,FM 660 SOUTH OTHELLO LLC
64,1144 EASTLAKE LLC
65,ARE-SEATTLE NO 33 LLC
66,BPP HOLLAND JUXT LLC
67,1000-1100 DEXTER AVENUE INC
68,SEATTLE INVESTMENT PRTNRS 1998 LLC
69,NICOLA NORTHGATE LP
70,9709 THIRD AVENUE INVESTORS LLC
71,JENKINS DANIEL J+KELLY ANNE
72,SFIII FOS PONTIUS HOLDING LLC +SFIII PONTIUS LLC
73,COSTCO WHOLESALE CORPORATION
74,H5 CAPITAL - SEATTLE REAL ESTATE II LLC
75,VIRGINIA MASON MEDICAL CENTER
76,URG 960 REUBLICAN LLC
77,KR 401 TERRY L L C
78,FRED HUTCHISON CANCER RESEARCH CENTER
79,KOLL LAKE UNION ASSOC L P
80,BMR WESTLAKE LLC
81,KR WESTLAKE TERRY LLC
82,WA HAZEL AND JOHNS LLC
83,UNIVERSITY OF HAWAII FOUNDATION
84,SREH 2014 LLC
85,EAST WEST INVESTMENT CO INC
86,SS MARKET STREET LLC
87,ACRS COMMUNITY SERVICE CENTER L L C
88,FRED MEYER STORES INC
89,JMDH REAL ESTATE OF SEATTLE LLC
90,EAST MARGINAL INDUSTRIAL LLC
91,NBINV AP2 LLC
92,EXTRA SPACE PROPERTIES SEVENTY ONE LLC
93,MGP X AURORA LLC
94,TRB SEATTLE INC
95,ANYU LLC (89.4%)+KREMER FAMILY REVOCABLE TRUST (10.6%)
96,LAKE UNION CENTER PHASE ONE LT
97,LIMPOPO PROPERTIES LLC
98,FREMONT LAKE UNION CENTER LLC
99,SDC CREATIV LLC
100,NW CORPORATE PARK LLC
101,PARAGON INDUSTRIES II INC
102,CKM ASSOCIATES LLC
103,SHILSHOLE CFA LLC
104,BLOCK IN BALLARD LLC
105,MAGNOLIA BRIDGE SELF STORAGE INVESTMENT LLC
106,UNIVERSITY CENTER LLC
107,CLPF-SEATTLE DISTRIBUTION CENTER L P
108,HISTORICAL SOCIETY OF SEATTLE & KING COUNTY
109,GATES ARCHIVE LLC
110,TRIPLE B VENTURES LLC
111,ABC PACIFIC CORPORATION $T
112,GI TC LAKE UNION LLC
113,MCP ALLEY24 EAST LLC
114,RECREATIONAL EQUIPMENT INC
115,1130 RAINIER PROPERTIES LLC
116,MADISONIAN MANAGER LLC
117,NORTHCUT HOLDINGS LLC
118,PROLOGIS-EXCHANGE 4201 6TH AVENUE SOUTH LLC
119,LBA RV-COMPANY XXXIII LP
120,PPF AMLI 1260 REPUBLICAN STREET LLC
121,BLUME ROY BUILDING LLC
122,HR ACQUISITION I CORPORATION
123,BRFII NORTHGATE LLC
124,NORTHWAY WEST LLC
125,S & S PARTNERS LLC
126,JONES WASHINGTON STEVEDORING C
127,PEMCO MUTUAL INSURANCE COMPANY
128,HR ACQUISITION 1 CORPORATION
129,IRON MOUNTAIN RECORDS MGMT INC
130,ARE EASTLAKE AVENUE NO 3 LLC
131,BLUME YALE LIMITED PARTNERSHIP
132,G S BUILDING SUPPLY INC
133,KEY MAC LLC
134,LIBERTY RIDGE L L C
136,TERRENO 4225 2ND AVENUE SOUTH LLC
137,BIESOLD 4100 LLC
138,SLU-199 BLAINE LLC
139,SLU 1201 EASTLAKE LLC
140,ASSOCIATED GENERAL CONTRACTORS
141,SIC LAKE UNION BUILDING LLC +SIC LAKE UNION BUILDING II LLC
142,YEE KING G LLC
143,NEWSOM PROPERTIES L L C
144,SEATTLE PACIFIC BUSINESS PARK LLC
145,BEL TEMPO LLC
146,WSA PROPERTIES XI LLC
147,URG OLYMPIC BUILDING LLC
148,WSA PROPERTIES LLC
149,ROEBLING SEATTLE LLC
150,1000 1ST AVENUE SOUTH LIMITED PARTNERSHIP
151,1016 1ST AVE SOUTH LP
152,SIC RP LLC
153,HILL INVESTMENT COMPANY
154,CEDARSTRAND PROPERTIES LLC
155,FIRST & UTAH PROPERTIES LLC
156,LIPSETT CO LLC
157,INS HOLDINGS LLC
158,BLUME 45TH LLC
159,DOUBLEUP LLC
160,DEVELOPMENT SERVICES OF AMERICA INC
161,RAINIER NORTHWEST-UNIVERSITY LLC
162,SWEDISH HEALTH SERVICES
163,FIRST BERKSHIRE PROPERTIES L L C
164,BTI SEVENTH AND MADISON LP
165,FU QUAN LLC
166,UB PROPERTY L L C
167,H-P PROPERTIES/ALLSTAR LLC
168,SALMON BAY WATERWAY INVESTMENTS LLC
169,DS INTERBAY URBAN CENTER LP
170,SVAP III ELLIOT PLAZA LLC
171,GMT ELLIOTT PORTFOLIO LLC
172,COLE OF SEATTLE WA LLC
173,SREH 2018 MANAGEMENT LLC
174,ELLIOTT SEATTLE REAL ESTATE HOLDING INC
175,SODO HOLGATE CENTER LLC
176,PREDATION LLC
177,6TH & HOLGATE BUILDING LLC
178,SWIND 2424 8TH AVENUE POINT LLC
179,PACIFIC MILLENNIAL REALTY LLC
180,27OO 4TH AVE SOUTH L P
181,FM 1703 6TH AVE SOUTH LLC
182,GREENWOOD FM PROPERTIES LLC
183,HANOVER INVESTMENTS LLC
184,KR LAKEVIEW LLC
185,PARK VIEW WATERSIDE LLC
186,SLU 1208 EASTLAKE LLC
187,SELIG REAL ESTATE HOLDINGS TEN
188,ODDFELLOWS LLC
189,HR FIRST HILL MEDICAL BUILDING SPE LLC
190,WSA PROPERTIES X11 LLC
191,TUALATIN-LAKE OSWEGO LLC
192,HUDSON STREET SPE LLC
193,TRUPANION-APIC LLC
194,TALON 303 RIVER LLC
195,HARSCH INVESTMENT PROPERTIES II LLC
196,QWEST CORPORATION
197,RAINIER PLAZA #2 LLC
198,GEORGETOWN CREATIVE DESIGN LLC
199,INLAND WESTERN SEATTLE NORTHGAGE NORTH LLC
200,AMB US LOGISTICS FUND LP
201,NICOLA URBANWORKS LP
202,SEATTLE ARTS PROJECT LLC
203,DWF V WEST LAKE LLC
204,RUSSELL PARTNERS
205,SWEDISH HOSPITAL MEDICAL CENTE
206,NW WORK LOFTS LP
207,CASCADE PUBLIC MEDIA
208,HCP 600 BROADWAY MOB LLC
209,SCU HOLDINGS LLC
210,LACHAPELLE NATALIE
211,BROADWAY SILVER CLOUD INN LLC
212,THE MAXWELL PINEAPPLE LLC
213,CAPITAL HILL PARTNERS
214,HOME DEPOT USA INC
215,CENTRAL DISTRICT CPDA
216,CENTERPOINT PROPERTIES TRUST
217,SPIRE GEORGETOWN CENTER LP
218,BAYVIEW WALKER LLC
219,1741 1ST SODO LLC
220,BALLARD HEALTHCARE INVESTORS LLC
221,LOCK VISTA APARTMENTS LLC
222,HARBOR SQUARE APARTMENTS LLC
223,CAPITOL HILL HOUSING IMPROVEME
224,TERRA PROPERTIES WALDEN LLP
225,STATION AT OTHELLO PARK LLC
226,LEWISON APARTMENTS LLC
227,BOLLER HURDITCH -RLT
228,GARDEN COURT WPIG L L C
229,R&W LANTERA LLC
230,BRIGHTON APARTMENTS L L C THE
231,MYRLE STREET APARTMENTS LLC
232,DEAL ACQUISITIONS LLC
233,SEATTLE PORT OF
234,WHITE HEATHER APARTMENTS LLC
235,ALKI PARK APTS 2012 LLC +4128 12TH AVE NE 2016 LLC
236,NORTHPARK VILLAGE L.L.C
237,MALLOY APTS LLC
238,BENNETT RICHARD ARTHUR+ROBERTA LEE
239,SADE ELEANOR
240,NEPTUNE BUILDING LLC
241,DLK LIMITED LIABILITY COMPANY
242,FORTY TWO THIRTY ONE LLC
243,LMB MANAGER LLC+ESCOLIER MNG LLC
244,ROSE FAMILY LLC JAMES B
245,SAT 2400 L L C
246,MEADOWVIEW HOLDINGS 1 LLC +MEADOWVIEW HOLDINGS 2 LLC +ET AL
247,UNIVERSITY HOLDINGS 1 LLC +UNIVERSITY HOLDINGS 2 LLC +ET AL
248,ORLOSKY VALERIE+FRANK
249,ASIAN PACIFIC PROPERTIES LLC
250,KENNEDY DON D
251,BROOKLYN MAVERICK LLC
252,SEATTLE UNIVERSITY DISTRICT LP
253,LEE FANG AN+YU LING
254,WEBER VENTURES LLC
255,TRINITY 43RD AVE LLC
256,UNITED DOMINION REALTY LP C/O UNITED DOMINION REALTY TRUST INC
257,ALLEGRO APARTMENTS LLC
258,DDH PARTNERS L L C
259,GREENWOOD AVENUE INVESTORS LLC
260,WATERMARK APARTMENTS LLC
261,UNIVERSITY PREPARATORY ACADEMY
262,TEMPLE BETH AM
263,VILLAGE MANOR LLC
264,CKS 2155 LLC
265,WCC REALTY LLC
266,MMJV LLC
267,SIC PROJECT OWNER LLC
268,AMERICAN FAMILY LLC
269,FAIRFIELD LAKE CITY LP
270,INVESTMENTS PROPERTY AQUISITIONS LLC
271,FSC LAKE CITY ASSOCIATES LLC
272,SOLARA SEATTLE APARTMENTS LLC
273,GEORGETOWN REAL ESTATE LLC
274,MILLER FAMILY INVESTMENTS LLC
275,DUFFY INVESTMENTS L L C
276,2001 PLUM LLC
277,TONG FAMILY PARTNERSHIP
278,MB WAREHOUSE L L C
279,22ND AVE S LLC
280,WELLSPRING FAMILY SERVICES
281,ALTHOFF FAMILY LP
282,MYCON STEVEN C+DEBORAH J
283,PSJ LLC
284,SEATTLE DEPT OF TRANSPORTATION
285,WESTERN CASTING LLC
286,RAR2 QUEEN ANNE-SWEETBRIER QRS L L C C/O RREEF AMERICA L L C
287,RAR2 QUEEN ANNE-EDEN HILL QRS L L C C/O RREEF AMERICA L L C
288,EVARTS JOHN
289,ANHALT APARTMENT LLC
290,BUCKLEY GROUP LLC
291,TE GKI BOYLSTON LLC
292,CCC LANCASTER LLC
293,JABOW INC +KRISTU LLC
294,VISKO ENTERPRISES INC
295,PALACE INVESTMENT CO
296,HGA INVESTMENTS LLC
297,RS KOHLS PROPERTIES LLC
298,REEP-MF WALLINGFORD WA LLC
299,KG PORTOFINO LLC
300,BROTHERTON-PLEAS
301,HOWELL STREET ASSOCIATES LLC
302,CHE'S CONDOMINIUM LLC
303,13355 LAKE CITY WAY NE ASSOCIATES
304,NE 130TH ST LLC
305,PURPLE CHEETAH LLC
306,QUALMAN BUILDING LLC
307,PARAMOUNT APARTMENTS LLC
308,BANCROFT INVESTORS 2009 LLC
309,EASTHOM INVESTMENT LLC
310,PARK CSH LLC
311,ACME WMR THE Q APARTMENT LLC
312,GREENWICH APTS LLC
313,CARLYLE APARTMENTS SEATTLE LLC
314,21 W LEE LLC
315,QUEEN ANNE 23 LLC
316,GALER CREST APARTMENTS LLC
317,ELSTON PROPERTIES INC
318,DEKERIVER LLC
319,BROADVIEW 125 LLC
320,RP-SEASONS APTS LLC
321,BLAKE/EASTLAKE LLC
322,ACME WMR REMI LLC
323,BLUME EASTLAKE LTD PTRSHP
324,SRGMF III EASTLAKE AVENUE SEATTLE LLC
325,MABEL H SMITH FAMILY LLC
326,SHELBY APARTMENTS LLC
327,KILLARNEY APARTMENTS LLC
328,ROACH SHANNON
329,EASTLAKE GARDENS LLC
330,SOUND
331,UPG STONE 34 PROPERTY OWNER LLC
332,DUVAL LIMITED PARTNERSHIP
333,820 NW 95TH STREET PROPERTY LLC
334,GRE UNIVERSITY L L C
335,SOUTH BENNETT STREET HOMES LLC
336,TERRENO LUCILE LLC
337,SEATTLE HATHAWAY 75 LLC
338,ORCAS BUSINESS PARK L.L.C
339,4000A LLC
340,POCOCK ROWING FOUNDATION
341,TRIMARK I LLC
342,FREMONT SPACE L L C
343,NORTHBRIDGE APARTMENTS LLC
344,ST JAMES TOWER ASSOCIATES
345,AD 936 N 34TH ST LLC
346,CAMBRIDGE LLLP
347,FIRST HILL/EIGHTH AVENUE LLC
348,SENECA APARTMENTS LLC
349,TROLL AVENUE LLC
350,BLUEPRINT 3414 LLC
351,M & S INVESTMENTS LLC
352,PECK BUILDING LLC THE
353,DUBLINER BUILDING LLC
354,FREMONT BUILDING LLC
355,FREMONT DOCK CO
356,SATURN BUILDING LLC
357,FREMONT DOCK CO ATTN: SUZANNE M BURKE
358,TRUE FOUNDRY LLC
359,FIRST FREE METHODIST CHURCH OF
360,SEDRA LLC +TDES 34791 LLC
361,246 NICKERSON LLC
362,SEVENTEEN METERS LLC
363,MAGOON ENTERPRISES LLC
364,LMS SHIP CANAL TRAIL LLC +SHIP CANAL TRAIL SPE LLC
365,HULLIN HELEN V -TESTAMENTARY TRUST FOR JUDITH SIMPSON
366,BALACLAVA HOLDINGS INC
367,SUMMIT AT LAKE UNION APARTMENTS II LLC
368,NELSON APARTMENTS LLC
369,TIME WARPP III LLC
370,RH SIXTH AVENUE PLAZA ASSOC LLC+RH NORTHGATE-STONE AVE ASSOC LLC
371,BITTER LAKE VILLAGE ASSOCIATES
372,TLK PROPERTIES LLC
373,RISE PROPERTIES WOODLAND POINTE LP
374,NORTH SEATTLE PROPERTIES III LLC
375,THISTLEDOWN LLC  % JULIA L CALHOUN
376,FFHS HOUSING PARTNERS LP
377,YSG HOLDINGS CO LTD
378,DAHLGREN FAMILY LLC #1
379,MIRALY PATSM LLC
380,CCP QUEEN ANNE 0462 LLC
381,CITY INVESTORS XXII LLC
382,CHURCH OF SCIENTOLOGY
383,WEST REPUBLICAN PLACE INC
384,ODEGARD-GOCKEL INVESTMENTS LLC
385,ASN SEATTLE LLC
386,EQR-METRO ON FIRST LLC
387,THE SALVATION ARMY
388,229 QUEEN ANNE NORTH LLC
389,419 QUEEN ANNE AVENUE LLC
390,FIRST & REPUBLICAN ASSOCIATES L L C
391,ROLLINS MATTHEW
392,KUMA INVESTMENTS LLC
393,THC-SEATTLE INC
394,SOVEREIGN ASSOCIATES LLC C/O CITY CENTER REAL ESTATE
395,TEN-TWENTY UNIVERSITY L L C
396,PILGRIM PARTNERS III LLC
397,STOCKBRIDGE LLC
398,VESPER MINOR LLC
399,PANORAMA SEATTLE III LLC
400,SAN MARCO LLC
401,TATE MASON HOUSE L L C
402,TUSCANY PARTNERS L L C+RON DANZ VICA LIMITED LIABILITY COMPANY+JENNIFER ANN LIMITED LIABILITY COMPANY
403,1201 SUMMIT LLC
404,KLINE GALLAND CENTER
405,PACIFIC SUN NORTHWEST INC
406,CAPITOL HILL HOUSING IMPROVEMENT
407,PACIFIC NORTHWEST RESEARCH
408,700 BROADWAY MOB LLC
409,NORTH BLOCK SPRING STREET DEVELOPMENT LLC
410,CYPRESS-OT8 LLC+DAVIS-OTB LLC+CROSS CREEK-OTB LLC
411,LOWELL EMERSON ASSOCIATES LLC
412,PAUL REVERE APARTMENTS LLC
413,JOHN ALDEN ASSOCIATES LLC
414,FIORITO DAN N JR+TIMOTHY T
415,NW INDUSTRIAL MARINE
416,4 & 9 TWENTY-FIVE LLC
417,MAGNOLIA PROPERTIES L L C
418,SEATTLE CANCER CARE ALLIANCE
419,SI XXI LLC
420,SPACE NEEDLE LLC
421,WESTLAKE PROPERTY HOLDINGS LLC
422,ALPHA Z SEATTLE OFFICE 1 LLC
423,202 WESTLAKE OFFICE LLC
424,224 WAN LLC
425,975 JOHN STREET LLC
426,MGRE 105 MERCER LLC
427,EXETER INVESTORS LLC+PORTOFINO DEVELOPMENT LLC
428,R D MERRILL AT FAIRVIEW LLC
429,BSOP1 LLC
430,ST. MARK'S PROPERTIES LLC
431,MINOR TOWER LLC
432,LAKEVIEW APARTMNET MANAGEMENT LLC
433,TELFORD HOLDINGS INCORPORATED
434,WSDOT
435,JAYGEES HOLDINGS LTD
436,BOREALIS APARTMENTS LLC
437,SEATTLE UNITY CHURCH
438,STRATFORD DEVELOPMENT CO LLC
439,ARE SEATTLE NO 10 LLC
440,BAYVIEW BUILDING ASSOCIATES LLC
441,2145 DEXTER AVE N LLC
442,KIMBERLY APARTMENTS LLC
443,RIVIERA NORTHGATE APARTMENTS LLC
444,MGP XIV LLC
445,PINEHURST LLC
446,CRYSTAL COURT APARTMENTS LLC
447,EAST APARTMENTS LLC
448,WEST CRESCENT ADVISORS GALER LLC
449,HOLDEN HOLDINGS LLC
450,HOLDEN COURT APARTMENTS LLC
451,TARNG YAO SENG
452,BROADMOOR GOLF CLUB
453,PIERRE FAMILY LIMITED PARTNERSHIP
454,C/E JENSEN FAMILY LIMITED PARTNERSHIP
455,SIR LANCELOT APARTMENTS L L C
456,CX3 SUMMIT LLC
457,BELMONT+SUMMIT INC
458,BELROY HOMES LLC
459,RGD MARK SPENCER 2014 LLC+MARK SPENCER PARTNERS LLC
460,HACIENDA INVESTMENTS 2020 LLC
461,JAPANESE BAPTIST CHURCH SOCIET
462,BOREN DEVELOPMENT LLC
463,COUCH INVESTMENTS IV
464,DOWNTOWN EMERGENCY SERVICE CENTER
465,914 EAST TERRACE LLC
466,SHING-YEEN SHEEN ONE L L C
467,1011 E TERRACE ST OWNER LLC
468,SPRUCE APARTMENTS LLC
469,ABBOTSFORD 151 LLC
470,STAR APTS L.L.C
471,PIONEER HUMAN SERVICES
472,JBJ ALDERVIEW LLC
473,GUSTAFSON BELINDA J ET AL
474,510 BROADWAY PARTNERS LLC
475,5940 MARTIN LUTHER KING WAY SOUTH LLC
476,NORTH AMERICA CHANG JIANG 8 LLP
477,UBER BRIAN D JR
478,VIEW 222 APARTMENTS LLC
479,CASA MILANO LLC
480,HENDRIX 419 LLC
481,ESSEX BERNARD LP
482,SEIM VIRGINIA C
483,FOURTH WEST PROPERTIES LLC
484,510/520 FOURTH WEST PROPERTIES
485,WARN AGUILAR 525 FAMILY L L C
486,GREX RESIDENCES LLC
487,CRE 5600 PARTNERS LLC +CRE ELISE LLC
488,BRATVOLD AB LIVING TRUST
489,WOODLAND PARK CHURCH GOD
490,EQR-ALCYONE APARTMENTS LLC
491,LAKEVIEW APARTMENTS LPS % LIHI
492,400 FAIRVIEW LLC
493,MERCER VIEW APARTMENTS LLC
494,CARLTON-ALLENTOWN LLC+QUEEN G LLC
495,PPF AMLI 535 PONTIUS AVENUE NORTH LLC
496,CASCADE SENIOR HOUSING LIMITED PARTNERSHIP % LOW INCOME HOUSING INSTITUTE
497,DESC CASCADE SUPPORTIVE HOUSING LP
498,MIRABELLA
499,CITY PLACE IV L L C
500,BARTON COURT ASSOCIATES LLC
501,TRINITY WEST SEATTLE
502,PICKERING PLACE L L C
503,WORKSHOPS SEATTLE BALLARD LLC
504,615 SOUTH ALASKA LLC
505,SUN FO LLC
506,5901 FOURTH LLC
507,BASE PROPERTIES II LLC
508,5950 BUILDING LLC
509,STEELE DESMOND
510,4135 AC LLC +ADLER DONALD H
511,GREENWOOD ASSOC LLC
512,BROADVIEW DEVELOPMENT ASSOC II
513,GUSTAVEL JEREMY+CHRISTINE
514,SOUTHPARK LAND LLC
515,ROBERT & SHIRLEY WILSON FAMILY L L C THE
516,PNP PROPERTIES LLC
517,JAC 9243 10TH AVENUE S LLC
518,SCHARHON FAMILY LLC
519,REAM FAMILY LIMITED PARTNERSHIP
520,NORTHGATE ATHLETIC CLUB LLC
521,NORTH SEATTLE PROFESSIONAL CENTER LLC
522,GROUP HEALTH COOPERATIVE PUGET
523,BOWMAN FAMILY I LLC
524,LAKEVIEW UNION BAY PARTNERS LLC
525,LAKEVIEW MEDICAL BUILDING LLC
526,MRM UNION BAY LLC
527,SAFEWAY INC
528,SAHNEY VIKRAM N
529,ABADAN HOLDINGS LLC
530,KANEBUILT LLC
531,EASTGATE CORPORATE CENTER LLC
532,801 DEXTER INVESTORS L P
533,SHLP NEPTUNE LLC
534,EQR-RIANNA I LLC
535,HELEN V APTS LLC
536,1005 INVESTORS LLC
537,1200 MADISON ASSOCIATES L L C
538,SOUTHEAST SEATTLE SENIOR FOUNDATION
539,TWO SYNAGOGUES LLC
540,CENTRAL PUGET SOUND REGIONAL TRANSIT
541,SDC ANNEX LLC
542,GEORGETOWN PROFESSIONAL CENTER LLC
543,SIXTYFIVE LLC
544,GCC PROPERTIES LLC
545,RRDS LLC
546,ALISUE LLC
547,BUILDINGS B & C AT 1141 NW 50TH ST L L C
548,BUILDINGS A & A EAST AT 1118 NW LEARY WAY L L C
549,5814 WESTWOOD APTS LLC
550,STRAND FAMILY HOLDINGS LLC
551,BALLARD 80 F1 LLC
552,1005 SPRING STREET LLC
553,SP/BIT BALLARD ON THE PARK L L C
554,GALEN WILSON PROPERTIES L.L.C
555,WC SEATTLE V SPE LLC
556,LANDMARK BUILDING & HOLDING CO LLC
557,MJWKING LLC
558,BALLARD APARTMENTS LLC
559,BOYD PARKWAY APTS LLC
560,FONTANELLE APARTMENTS LLC
561,LILAC LODGE LLC
562,RUSSELL PARK L L C
563,QUEST MINISTRIES
564,BALLARD ASSOC LLC
565,QUEST CORPORATION
566,TEMPO APARTMENTS LLC
567,GROSS TED AND ANTONIA PROPERTIES LLC
568,S3KM LLC
569,2240 WEST COMMODORE LLC
570,FNA INVESTMENTS LLC
571,SALMON BAY INVESTMENT GROUP LLC
572,COMMODORE II LLC
573,19TH AVENUE GARDEN COURT L L C
574,RM LITTLEFIELD LLC
575,MINI-MAX LLC
576,A-1 SELF STORAGE LLC
577,ALOHA TERRACE ASSOCIATES
578,FOUNTAIN COURT APARTMENTS LLC
579,ESSEX PORTFOLIO LP
580,QA CANAL LLC
581,CENTURY TWENTY ONE PROMOTIONS
582,COMMODORE WAY LLC
583,KWMCT REAL ESTATE LLC
584,J&M WHARF LLC
585,GALLAGHER 1521 LLC
586,FREYBERG JAMES W+ANNA K ET AL
587,BALLARD SPACE LLC
588,BALLARD LANDMARK INN LLC
589,RIGGLE JAMES C+JEWELL HARRISON J
590,WIN FOREVER LLC
591,HF 5111 PROPERTY LLC
592,HATCH FAMILY PROPERTIES LLC
593,4722 BALLARD AVENUE NW LLC
594,LM-HMG L L C
595,MURPHY BALLARD LLC
596,SALVATION ARMY SEATTLE RESIDEN
597,HASHIM JOHN C
598,YSG HOLDINGS CO
599,MGRE 10522 LCW LLC
600,SHORELINE CITY OF
601,ERC SANTOS LLC
602,WCSD 9601 35TH AVE SW LLC
603,M&G INVESTMENT & FINANCING CO
604,JK COMMERCIAL PROPERTIES LLC
605,FISHERMANS COMMERCIAL L L C
606,4019 21ST AVE W INCORPORATED
607,INTERBAY MM HOLDING LLC
608,KELLER FAMILY PROPERTIES LLC
609,70/47 LLC
610,KAMI LP+MILKIE STUDIO INC ET AL
611,RAVENSTONE APARTMENTS LLC
612,MAXWELL JAMES
613,MALABAR ASSOCIATES LLC
614,HAWAIAN L L C THE
615,MCCARTHY BRUNHILDE M
616,JENSEN BLOCK APARTMENTS LLC
617,EBERHARTER/MERIDIAN LLC
618,GRIFFIN & GRIFFIN PTR
619,EXCHANGE FACILITATOR CORP
620,GRE FOUNDATION HOUSE LLC
621,CRP/CSH NORTHGATE LLC
622,MCGUIRE COURT ASSOCIATES
623,BREIER SCHEETZ PROPERTIES LLC
624,NORTHAVEN DEVELOPMENT
625,HR I ACQUISITION CORPORATION
626,RH ROOSEVELT RIDGE LIMITED LIABILITY COMPANY
627,LYNNYALE ASSOCIATES LLC
628,FARIN BROTHERS PROPERTIES LLC
629,NG 295 DEVELOPMENT LLC
630,GRE/NOP FIFTH AVENUE LLC
631,5TH AVE MEDICAL ASSOCIATES LLC
632,NORTHGATE STORAGE LLC
633,ALKI PLACE APARTMENTS LLC
634,BURKHEIMER FAMILY L L C
635,CREF3 DETROIT OWNER LLC
636,1255 WESTLAKE LLC
637,AKI 1 LLC
638,CAPITOL HILL HOUSING PROGRAM
639,ARPEG HOLDINGS 1956 LLC
640,METROPOLE HILLTOP LLC
641,LMNG LLC
642,W J CARLSON FAMILY LLC
643,LANDES 84 LLC
644,ZINDORF 7 TH AVENUE LLC
645,ERP OPERATING LIMITED PARTNERSHIP
646,PILAT LLC
647,K GROUP VILLAGER LLC
648,STEVENS NEIGHBORHOOD HOUSING
649,LA CHARME ASSOCIATES LLC
650,LOLA APARTMENTS LLC
651,ELIASEN MARK G+DEBORAH J+CHELAN INVESTORS LLC
652,FRANCONIA APARTMENTS LLC
653,SAN JUAN APARTMENTS LLC
654,HUDSON SQUARE APARTMENTS LLC
655,FORTYSEVEN LLC
656,CROWN HILL LLC
657,ATHENAS OWL LLC
658,ALKI 37 LLC
659,BLAKE ASSOCIATES LLC
660,VSTONE 36 LLC +5451 CALIFORNIA LLC
661,ATALANTA 5631 CALIFORNIA AVE LLC
662,PORT OF SEATTLE
663,HARBOR REAL ESTATE INVESTMENTS
664,WAREHOUSE INNOVATIONS LLC
665,QUINTET INVESTMENTS INC
666,FH LLC
667,CLARWOOD ASSOCIATES
668,TERRA VARIES INVESTMENT LLC +ENVOY FIRST HILL LLC
669,WESTLAKE II HOUSING LLC
670,VBC MADISON LP
671,WESTMINSTER ASSOCIATES LLC
672,STARLIGHT APARTMENTS LLC
673,HARBORVIEW INVESTMENT LTD
674,423 TERRY PARTNERS LLC
675,HILLTOP HOUSE
676,FREMONT PUBLIC ASSOCIATION
677,MONTICELLO APARTMENTS II LLC
678,PL FIRTH LLC
679,HART FIRST HILL LLC
680,ACME WMR PARK 3025 LLC
681,INVESTMENTS LLC
682,AAC/FSC CLOCKTOWER INVESTORS LLC
683,LAKE CITY WAY 137 ASSOCIATES LLC
684,26TH AVENUE BUILDING LLC
685,COHANIM 6040 CALI LLC
686,BRIDGES ANNEX LLC
687,ORE 6525 CALIFORNIA LLC
688,EECKHOUDT JAMES M
689,SUNDSMO ALBERT+LOIS
690,BIG RIG LLC
691,WU NADINE+FAN BESSIE
692,3601 W MARGINAL WAY SW LIMITED PS
693,FM 2414 SW ANDOVER LLC
694,1000 MADISON LLC
695,KAPLAN REAL ESTATE SERVICES LLC
696,WESTROY APARTMENTS L L C
697,MERCER CREST LLC
698,BLUEPRINT VAL ANNE LLC
699,900 QUEEN ANNE LLC
700,MONTANITA ASSOCIATES L L C
701,2016 E ROANOKE APARTMENTS LLC +TUDOR APTS LLC
702,TIKI APARTMENT INVESTMENTS L L
703,EDGECLIFF PARTNERS L L C
704,CHIN FAMILY LIMITED PARTNERSHI
705,CTA I LLC
706,BUNGALOWS AT QUEEN ANNE LLC
707,DELROY ASSOCIATES L.L.C
708,JERICO DENTAL INVESTMENTS LTD
709,BASCOM MANDARIN SEATTLE LLC
710,3030 LAKE CITY LLC A DELAWARE LLC
711,YOSHIKAWA REVERSE L L C
712,SALTY'S PROPERTIES II L L C
713,DCT INDUSTRIAL VALUE FUND I
714,NORTHROP GLENN A
715,KAYKAS-WOLFF JASCHA+REBECCA C
716,ON THE BOARDS
717,CRE HH PARTNERS LLC
718,JAC-VW CORPORATION
719,GLEN EDEN LLC
720,COREY NICHOLAS ANDREW
721,LANTZ SUZANNE RAGAN
722,OLYMPIC/GRAYSON ARMS LLC
723,VIKMIN PROPERTIES LLC
724,RUDENKO TATYANA
725,CHELSEA PLACE APARTMENTS L L C
726,SKYLINE HOUSE APARTMENTS LLC
727,KINNEAR LLC
728,CRE NORTH SEATTLE PARTNERS LLC
729,WANG LISA TS
730,HAYRE PROPERTIES LLC
731,PRE LAKE CITY 26 LLC
732,PROMENADE LAKE CITY LLC
733,J & E APARTMENTS LLC
734,AREIS GROUP LLC
735,2345 EASTLAKE L L C
736,SNR 24 BRIDGE PARK OWNER LLC
737,WESTWIND CHRISTIAN COMMUNITY
738,DNXT LLC
739,FAUNTLEROY COMMUNITY SERVICE AGENCY
740,MOUNT BAKER HOUSING ASSN
741,LAKE WASHINGTON II LLLP
742,SAINT GERVAIS LLC % STARRETT CTY ASSO
743,KAMI LP +MILKIE STUDIO INC +ET AL
744,STRONG VENTURE LLC
745,DS PROPERTIES 18 LP
746,BUILDERS HARDWARESUPPLY CO
747,HAYS ELLIOTT PROPERTIES LLC
748,2440 FIRST AVENUE SOUTH II LP
749,WESTSIDE SCHOOL
750,RPT WALLINGFORD PLAZA LLC
751,STONE WAY APARTMENTS L L C
752,UNIVERSITY HOUSE AT WALLINGFORD L L C
753,ASTOR COURT LLC
754,ANDREWS APARTMENTS LLC
755,NHCDI/LIHI SQUIRE PARK PLAZA LLC
756,PRATT PARK OWNER LLC
757,TARA APTS LLC
758,CROWN RIDGE LLC
759,GEORGETOWN VENTURE LLC
760,EVERGREEN TREATMENT SERVICES
761,EQR-CHLOE LLC
762,EQR-MADISON LLC
763,SULMONETTI ZINN LLC
764,FTW LLC
765,RAINIER COURT ASSOCIATES 2002-1
766,YSD LLC
767,IFO & ASSOCIATES LLC
768,C J & J PACIFIC L L C
769,MOUNT ZION MADISON STREET PROPERTIES
770,PLANNED PARENTHOOD WESTERN WA
771,ALASKAN COPPER COMPANIES INC
772,EXCHANGE 54 S DAWSON LLC
773,B & B PARTNERS II LLC
774,AVALON ARTISTS LLC
775,TERRENO DENVER AVE LLC
776,2100 AIRPORT WAY L L C
777,CREF3 2326 AIRPORT WAY OWNER LLC
778,HENSON FAMILY LIMITED LIABILITY COMPANY
779,2520 AIRPORT WAY S LLC
780,CREF3 LANDER OWNER LLC
781,VIC AND JACK LLC
782,FM 2323 AIRPORT WAY SOUTH LLC
783,SC SEATTLE RE LLC
784,SEA-MAR COMMUNITY HEALTH CENTER
785,AREC RW MS LLC C/O U-HAUL INTERNATIONAL INC
786,LMD RENTALS LLC
787,CY & Y ENTERPRISE LLC
788,BIG BUY LLC
789,SOUTHEAST EFFECTIVE DEVELOPMENT
790,GREEN LAKE TYEE LLC
791,9100 ROOSEVELT 2021 LLC +JIMMYJAX 9100 2021 LLC
792,TBBK LLC
793,BLACKWOOD PROPERTIES LLC
794,2020 A&D LLC
795,METRO SELF STORAGE
796,RAVENNA HOUSE 2015 LLC
797,SOUTH TACOMA WAY L L C
798,MUNICIPALITY OF METROPOLITAN S
799,PROLOGIS-EXCHANGE 646 SOUTH HOLGATE STREET LLC
800,TERRENO 6TH AVE LLC
801,MONROE COMMERCIAL PROPERTIES LLC
802,CANAL BOILER LP
803,2724 6TH AVENUE SOUTH LP
804,CECCHINELLI STEVEN J
805,GILLESPIE ROBERT L+ANCICH PATRICIA A
806,SPEAR INVESTMENTS LLC
807,650 SIW QOZB LLC
808,R C PATRNERSHIP
809,ELEVATE PROPCO IX LLC
810,ESPERANZA APARTMENTS LTD PSTHP
811,PARK PLACE RHF HOUSING
812,SEWARD PARK APARTMENTS LLC
813,TELFORD HOLDINGS INC
814,CROFT PLACE LLC
815,POPE & YOUNG PROPERTIES LLC
816,LUTHERAN ALLIANCE TO CREATE HOUSING
817,LEILANI AT 124 APARTMENTS LLC
818,WILLOW CREEK PROPERTIES LLC
819,SFB-B LIMITED PARTNERSHIP
820,WORKSHOPS SEATTLE LAKE CITY WAY
821,NORTHBROOK PLACE LTD PARTNSHIP
822,PACMED CLINICS
823,THORNTON CREEK APARTMENTS LLC
824,ESSEX PORTFOLIO L P
825,BRISTOL APARTMENTS LLC
826,WASHINGTON IRVING 2012 LLC
827,640 SPOKANE LLC
828,TA REALTY VALUE-ADD FUND XIII REIT LLC
829,TLC PROPERTIES INC
830,GULL INDUSTRIES INC
831,BOTTLEWORKS III LLC
832,SOUTH FOREST LLC
833,PACIFIC INDUSTRIAL CENTER LP
834,DEXTER MULTIFAMILY LLC
835,CRE 4321 GENESEE LLC
836,TERRACE VIEW 3703 L L C
837,SPRINGBROOK BUILDING LLC
838,SPTSUN II PROPERTIES TRUST
839,BARNARD FAMILY LIMITED PARTNERSHIP
840,210 E BLAINE LLC
841,1800 EASTLAKE LLC
842,HAMM BUILDING LLC
843,SISTERS OF PROVIDENCE PARISEAU ASSOC
844,OLYMPIC VIEW APARTS I LLC
845,PANTAGES APT LLC
846,RANDOLPH PARTNERS LLC
847,LEAVITT-WOLFF NORTHWEST PROP LLC
848,WES 2233 LLC
849,PAUL LAUZIER SCHOLARSHIP FOUNDATION+PAUL LAUZIER CHARITABLE FOUNDATION
850,HUTCHINSON CAROL S
851,OB SODO PROPERTIES V LLC
852,SPIRE 1550 4TH AVE LP
853,MASSACHUSETTS L L C
854,TESHOME FAMILY LLC
855,OREGON PLACE APTS LLC
856,WILLOWS COURT LLC
857,12040 28TH AVENUE LLC
858,SCHARMACH SEATTLE LLC
859,MAUI GROUP LLC
860,HALMAR ASSOCIATES LLC
861,EQR-HEIGHTS ON CAPITOL HILL LLC
862,LASALLE CORPORATION
863,RAMAYANA LLC
864,ANNE CRIPPEN MICHELSON LLC
865,CRE WINSTON LLC
866,CHRISTIAN SUSAN
867,AUBOMBOLI ITALIANE REAL ESTATE INVESTMET
868,BASTA MATT J LLC
869,ARE SEATTLE NO 37 HOLDING LLC
870,FOURTH AVE HOLDINGS
871,CREF3 3RD AVE OWNER LLC
872,KACZMAREK WILLIAM J+VIRGINIA A
873,NEWARK MEADOWS LLC
874,OTT DEVELOPMENT LLC
875,SPRINGTREE PROFESSIONAL LLC
876,PAJIS WA L L C
877,GREENWOOD 85TH STREET LLC
878,7901 DELRIDGE WAY OWNER WA LP
879,US REIF WESTHAVEN APARTMENTS WA LLC
880,HOLDEN STREET FAMILY HOUSING LLC
881,OAKTREE PLAZA ASSOCIATES
882,HARSCH INVESTMENT PROPERTIES LLC
883,JASPER 91 LLC
884,8512 35TH AVENUE LLC
885,GRAHAM THOMAS P III+NANCY BOURGOIS
886,ERAWAN LLC
887,CGA II LLC
888,ACES FOUR LLC
889,2944 FIRST AVENUE SOUTH LP
890,FM 151 SOUTH LANDER LLC
891,LUCURELL DREW D
892,A2A LLC
893,2724 1ST AVENUE SOUTH LLC
894,CEK HOLDINGS II L L C
895,BNR CORPORATION
896,TERRENO OCCIDENTAL LLC
897,ASAR LLC
898,1701 FIRST AVENUE SOUTH LLC
899,ACTIVSPACE AT LUNA PARK LLC
900,JARRELL DAVID+DEAK JUDITH A
901,HAYES APARTMENTS LLC
902,SWL LLC
903,ESSEX VELO RAY LP
904,R & S INVESTMENTS LLC
905,SEATTLE LABOR TEMPLE ASSOCIATION INC
906,SMALL FACES CHILD DEVELOPMENT CENTER
907,LIMANTZAKIS PROPERTIES NO 1 L L C
908,EASTHOM INVESTMENTS LLC
909,CAPITOL HILL PARTNERS LLC
910,JOEY RAY ASSOCIATES LLC
911,ROY VUE ASSOCIATES LLC
912,MILLER ASHLEY
913,AVANTE APARTMENTS L L C
914,MARWOOD LLC
915,RED LION APARTMENTS LLC
916,HILLREE INVESTORS 2010 LLC
917,DAHLGREN DUMAR LLC
918,JUKEBOX CITY BUILDING LLC
919,WSA PROPERTIES VI LLC
920,WSA PROPERTIES II LLC
921,CEDERSTRAND RENTALS LLC
922,B&E INVESTMENTS LLC
923,QG SEATTLE LLC
924,STAN & SHIRLEY HANDALY L L C
925,CLOSE FRANK A+TERRI ANN
926,6312 CALIFORNIA AVENUE LLC
927,PGA LEGACY LLC
928,LAURELTON LLC
929,HILLCREST ASSOCIATED LTD PTSHP
930,ROXBOROUGH INVESTORS LLC
931,RUTH COURT APARTMENTS LLC
932,SEATTLE ACADEMY OF ARTS & SCIENCES
933,10306 MERIDIAN AVENUE NORTH LLC
934,HUP LINK-14 LLC
935,ALJOYA THORNTON PLACE LLC
936,HIDDEN CREEK ASSOCIATES
937,HUDSON STREET LTD PARTNERSHIP
938,TERRENO 4930 3RD AVENUE SOUTH LLC
939,ANGELCREST PROPERTY L L C
940,600 BELLEVUE AVENUE E LLC
941,DAKAR APARTMENTS LLC
942,J.G.CROWN HILL L.L.C
943,NORTH 46TH PROPERTIES L.L.C
944,MSI 1943 1ST AVE LLC
945,UV-2225 1ST AVE SOUTH LLC
946,66 SOUTH HANFORD STREET LIMITED PARTNERSHIP
947,TRIGGER BUILDING LLC
948,HOUSING RESOURCES GROUP
949,EMPIRE WAY SHOPPING CENTER LLC
950,SPENCER APARTMENTS LLC
951,WWJB LLC
952,GREENWOOD ASSOCIATES
953,JACKSON INVESTORS NORTH LLC
954,6700 ROOSEVELT APARTMENTS LLC
955,GREEN LAKE PRESBYTERIAN CHURCH PRESBYTERIAN CHURCH IN AMERICA
956,CLOSE ROBERT J
957,BOSTON HARBOR LLC
958,SC SEATTLE RE II LLC
959,NICOLA SOUTH HANFORD LP
960,SUNRAY APTS LLC
961,ROOSEVELT ECONO-MINI STORAGE LLC
962,CLAY HEARL K JR
963,PENN HALL ASSOCIATES
964,VALLEY CITIES COUNSELING & CONSULTATION
965,EAGLE RIDGE PLAZA LLC
966,4730 CALIFORNIA LLC
967,4724 CALIFORNIA AVE DEVELOPMENT CO LLC
968,WEST SEATTLE CAPITAL PARTNERS
969,100 ALOHA LP
970,MFP INVESTMENTS LLC
971,11010 GREENWOOD SEATTLE LLC
972,LAKE CITY 5 LLC
973,RL LAKEVIEW PLACE LLC
974,PERFECTION PROPERTIES L L C+ALLSWELL L L C+HALF-TIME IV L L C
975,STEVENS STANLEY LOUIS
976,GREENWOOD WINCHESTER APARTMENTS LLC
977,GREENWOOD VISTA LLC
978,TD FRANK FAMILY LLC
979,4800 DENVER LLC
980,GARDEN TERRACE INVESTORS 2008 L L C
981,QUINAULT APRTMENT ASSOCIATES LLC
982,CIRQUE APARTMENTS INVESTORS LLC
983,CAMERON MERCER LLC
984,M & S EHSAN INVESTMENTS LLC
985,VICEROY GLEN ARMS LLC
986,CLAESON MARIAM
987,MIHOLOVICH PROPERTIES L L C
988,TURNING POINT SOMERSET L L C
989,MERCER TOWERS LTD LLC
990,HAMPTON COURT APARTMENTS LLC
991,KP CASA NITA LLC
992,CAMERON PARTNERS LLC
993,GILDOW L L C
994,3515 SW OCEAN VIEW DRIVE L L C
995,YOSHIKAWA TERRANCE
996,WEST 206 ALLIANCE INVESTMENTS LLC
997,WELL CA WA LANDLORD LLC
998,LAKE CITY ASSOCIATES L L C
999,LIHI MEADOWBROOK ASSOCIATES LLC C/O LOW INCOME HOUSING INSTITUTE
1000,FNR 4XXX LLC
1001,PEDERSEN ESTATES INC
1002,4400 BUILDING LLC
1003,BASE SWANSONIA LLC
1004,CHAPMAN LLC
1005,TRINITY STONEHEDGE LLC
1006,SEA SELF STORE L L C
1007,EPIPHANY SCHOOL
1008,RKM EAGLE COURT LLC
1009,HIVE APARTMENTS LLC
1010,PARKSIDE LIMITED LIABILITY COMPANY
1011,PARKSIDE LLC
1012,MAVIS GROUP LLC
1013,WEST LEE L L C
1014,FENPRO PONDERAY LLC +PONDERAY LLC
1015,DOLPHIN APARTMENTS L L C
1016,UNIVERISTY PARK INVESTMENTS L
1017,HUNTINGTON RETIREMENT HOMES
1018,ADAMS PAUL G
1019,1001 FAIRVIEW LLC
1020,CITY INVESTORS XXX LLC
1021,CHINA SUN INC
1022,UNION BAY INVESTORS
1023,TEMPERATE PARADISE PROPERTIES LLC
1024,DEAN QOZBP LLC
1025,BRYSON PROPERTIES L L C
1026,SOB DEVELOPMENT LLC
1027,IDA CULVER HOUSE RAVENNA LLC
1028,CASCADIA PARTNERS LLC
1029,YOUTHCARE
1030,FREMONT BRIDGE PARTNERS LLC
1031,NAUTICAL LANDING LLC
1032,NORTHLAKE OWNER LLC
1033,KELLY ANNE APARTMENTS LLC
1034,CAMPUS VIEW APARTMENTS II L L C
1035,CAMPUS VIEW APARTMENTS LLC
1036,TRIMARK-UNVERSITY HOUSING III LLC
1037,LOCKE CALVIN W+STEPHEN I+MELVIN F
1038,ABSAROKA HOLDINGS LLC
1039,SHANNON BUILDING LLC
1040,HOWARD PARK LLC
1041,CREST APARTMENTS ASSOCIATES LLC
1042,312 E OLIVE PL LLC
1043,DALLY PROPERTIES LLC
1044,ROSCOMMON L.L.C
1045,SEDGES LLC
1046,COHO COMMERCIAL BUILDING L L C
1047,12TH & PIKE ASSOCIATES L L C
1048,PIKE BUILDING LLC
1049,LEGACY PINE STREET LLC
1050,1016 E PIKE STREET INC
1051,SEATTLE 1521 10TH LLC
1052,C K INTERNATIONAL CORP
1053,AMD ROOSEVELT L L C
1054,LEE JOE+PENELOPE FAMILY LTD PRTNRSHP
1055,BELLEVUE PLACE LLC
1056,DIAMOND PARKING INC
1057,EQR-320 PINE LLC
1058,BELLEVUE TERRACE L L C
1059,CAPITOL STEPS L.L.C
1060,BELLEVUE OLIVE LLC
1061,SHI-III FIRST HILL LLC C/O MERRILL GARDENS LLC
1062,BATTERY STREET LTD
1063,GRANVIEW HOLDINGS LLC
1064,HILL CREST WEST SEATTLE LLC
1065,VILLA ANDORA 1520 LLC
1066,PARK HAMILTON INVESTORS 2019 LLC
1067,SABRA PARK WEST LLC
1068,WOLSKI DAVID
1069,HOLIDAY APARTMENTS LP
1070,CAPITOL HILL HOUSING IMPROVEMENT PROGRAM
1071,BROADWAY INVESTMENT LTD
1072,ESTATE OF REX C OTT +REX C
1073,MERLINO HOLDINGS II L L C
1074,ELEVATE PROPCO XII LLC
1075,PINE LLC
1076,OLETA APARTMENTS LIMITED PARTNERSHIP
1077,W R P ASSOCIATES OF BELLEVUE
1078,BURLINGAME PARTNERS L P
1079,OPUS NORTHWEST LLC
1080,AVALON WEST PARTNERS LLC
1081,SEACLIFF WESTSIDE II LLC
1082,SOCKO LLC
1083,SEACLIFF GOTHARD L L C
1084,HASS FAMILY LLC
1085,SAFEWAY STORES 98 INC
1086,ST ELMO III LLC+STONER JOHN E+ELIZABETH
1087,SPBS LLC
1088,WOODCREEK LANE APTS LLC
1089,MLK FAMILY ARTS MENTORING ENRICHMENT COMMUNITY CENTER
1090,MADISON PARK I LLP
1091,LAKE COURT APARTMENTS L.L.C
1092,ALKI SHORES L L C
1093,RIPPLE ROCK LLC
1094,6023 SW STEVENS LLC
1095,IGLESIA NI CRISTO
1096,BOYLSTON HOWELL APARTMENTS LLC
1097,BOYLSTON COURT ASSOCIATES
1098,1630 LLC
1099,DEXTER HOUSE ASSOCIATES L L C
1100,WH GREENWOOD II LLC
1101,LOUIE FAMILY L L C #2
1102,LIFE YANCY 653 LLC
1103,AHSANI CYRUS SAEID
1104,SEALTH VISTA LLC
1105,WEINER JERALD DAVID+MARC V -REV TRUST
1106,RGD FAMILY LLC
1107,TOCK BELMONT APARTMENTS LLC
1108,OLIVE TERRACE APARTMENTS LLC
1109,LA MAISON ASSOCIATES LLC & WINCHESTER APTS LLC
1110,STACK HOUSE HOLDCO LLC
1111,OLYMPIC VIEW APARTMENTS LLC
1112,COUCH INVESTMENTS II LLC
1113,TRISTAR PROPERTIES LLC
1114,GREENUS BUILDING INC
1115,SUMMIT ARMS LLC
1116,DUNN AUTOMOTICE BUILDING LLC
1117,AR PIKE II LLC
1118,ABONITA LLC
1119,MANCHESTER SERIES 1 LLC
1120,NORTHWEST SCHOOL OF THE ARTS
1121,FIRST COVENANT CHURCH OF
1122,DK SUMMIT PLACE LLC
1123,MORRIS APARTMENTS LLC
1124,SUMMIT HOUSE APARTMENTS REAL ESTATE INVESTMENTS LLC
1125,1515 DEXTER LLC
1126,W R P LAKE UNION LTD PTNRSHP
1127,CONNELL WESTLAKE LLC
1128,UNION VIEW APARTMENTS LLC
1129,1725 WESTLAKE INVESTMENTS LLC
1130,GREENLAKE MANOR LLC
1131,TAYLOR GREENLAKE LLC
1132,ALLEY SEATTLE LLC
1133,ELLENBERT APARTMENTS REAL ESTATE INVESTMENTS LLC
1134,SILVIAN APARTMENTS LLC
1135,ROYCROFT APARTMENTS LLC
1136,MERLO LLC
1137,CX3 MULHOLLAND LLC
1138,SEATTLE HOTEL INVESTMENT LLC
1139,1127 OLYMPIC WAY WEST L L C
1140,1ST AVENUE SOUTH SEATTLE OWNER LLC
1141,DAKOTA ASSOCIATES LLC
1142,FOUNDRY LLC
1143,DANIEL SMITH INC
1144,MCPHEE MADELYN+SHELTON MARILYN
1145,MITSUMARU ESTATE CO LTD
1146,CSH MAPLE LEAF LLC
1147,CRE BUENA VISTA PARTNERS LLC
1148,AP PINE AND BOYLSTON LLC
1149,RIALTO COURT LLC
1150,KISSEL JULIA GUNN
1151,CHARBERN L L C
1152,PIONEER HUMAN SVCS
1153,STOL SAIDA
1154,WOODLAND COURT LLC
1155,WOODLAND PARK VIEW APTS LLC
1156,SAINT ANNE CORPORATION
1157,MILLS EVANSTON LLC
1158,CRE QUEEN CITY LLC
1159,9 TO 5 LLC
1160,J B BERGEN LLC
1161,NELSEN LARRY A
1162,GEORGETOWN INC LLC
1163,DD CULP LLC
1164,SEATTLE COMMUNITY CHURCH
1165,DONATELLE LERRYN SCHAEFER
1166,RIVENDELL PROPCO LLC
1167,HIATT KEMP E
1168,LOTHLORIEN PROPCO LLC
1169,OSWELL BAKERSFIELD RETAIL ASSOCIATES LLC +MERIDIAN GROUP ASSCIATES LLC +ET AL
1170,MARINER SQUARE L L C
1171,DAMBROSIO ENTERPRISES LLC
1172,IBARRIENTOS-DRUMMOND EDEN
1173,IRO APARTMENT INVESTORS 2022 LLC
1174,5200 UNIVERSITY WAY LLC
1175,ADRIA NORTHSTAR PROPERTIES LLC
1176,COHANIM L L C
1177,COHANIM PLAZA LLC
1178,ADELAIDE LLC
1179,CAIRNS INVESTMENTS LLC ET AL
1180,LEE FAMILY TRUST
1181,ALADDIN LLC % DAVID+ANNE G HURLBUT
1182,TREA CIRCA GREEN LAKE LLC
1183,NITORI YUKI
1184,ARE-SEATTLE NO 14 LLC
1185,PUGET SOUND NEIGHBORHOOD HEALTH CENTERS
1186,ARTSPACE HIAWATHA LIMITED PARTNERSHP
1187,B'NAI B'RITH HILLEL FNTDTN AT THE UW
1188,TAMARAC APARTMENTS LLC
1189,LANGER PROPERTIES LLC
1190,EDMONDS SW LLC
1191,OSWEGO ARMS LLC
1192,444 RAVENNA LLC
1193,TC LAKEFRONT LLC+CG LAKEFRONT LLC+JSP LAKEFRONE I LLC+JSP LAKEFRONT II LLC
1194,EDGEWATER HOLDINGS LLC
1195,THOMAS NORTHLAKE LLC
1196,VILLA APPIA LLC
1197,RIVENDELL LLC
1198,KEYSTONE PLACE APARTMENTS LLC
1199,LESCHI HEIGHTS LLC
1200,PACIFIC PROPERTIES SOUTH LLC
1201,HISTORIC SEATTLE PRESERVATION & DEVELOPMENT COMPANY
1202,BARCLAY APARTMENTS LLC
1203,KAPPA ALPHA THETA FRATERNITY HOUSING CORPORATION
1204,UNIVERSITY PROPERTY X LLC
1205,FIRST PLACE
1206,MADISON GATE INVESTORS 2016 LLC
1207,STARBOARD MADISON VIEW DST
1208,ADMIRAL FARM TO MARKET L L C
1209,CBYW SEATTLE PROPCO LLC
1210,1608 EAST REPUBLICAN L L C
1211,SINGLETON FAMILY OF WASHINGTON L L C
1212,HIRAO OTANI ENTERPRISES LLC
1213,TWO CHAIRS LLC
1214,WILSONIAN PROPCO LLC
1215,9TH & REPUBLICAN LLC
1216,700 BROADWAY OWNER LLC
1217,BAYVIEW MANOR HOMES
1218,RSA SOUND VIEW LLC
1219,FRASER RICHARD H
1220,TOP OF THE 5TH LLC
1221,TOWNVUE HEIGHTS LLC
1222,CROSSPOINTE INVESTMENTS LLC
1223,4821 FAUNTLEROY LLC
1224,FISHER FAMILY HOLDINGS LLC
1225,CEDAR HEIGHTS PTNSHP LLP
1226,JORVE INVESTMENTS LLC
1227,SB-FELIX NORTH LLC
1228,ARGONAUT PROPERTIES INC
1229,ILIAD PROPERTY CO LLC
1230,BILTMORE ASSOCIATES L L C
1231,FANEUIL HALL APTS L L C
1232,MIRONOV ILYA B
1233,WRP ASSOCIATES 19TH AVE LLC
1234,ADMIRAL APARTMENTS L L C
1235,HYCROFT INTERNATIONAL LLC
1236,PIKE STREET TPII LLC
1237,BOYLSTON FLATS LLC
1238,ST JOHN INVESTORS LLC
1239,MATTESON GREENHOUSE INVESTORS LLC
1240,HUP MORNINGSIDE LLC
1241,T+C SEATTLE
1242,RISE PROPERTIES ( CITYWALK)  LP
1243,YEH ROBERT
1244,FOSMIRE DAVID+WATSON SHELLY
1245,EDERLING L L C
1246,MIKE AND LISA KELLEY LLC
1247,PLAZA 15 LLC
1248,BRADLEY HILL FAMILY LTD PTSHP
1249,MULLALLY & SON INVESTORS LLC
1250,MULLALLY FAMILY LLC
1251,GT VILLAGE VISTA LLC
1252,ACI REAL ESTATE SPE 137 LLC
1253,CROSS & CROWN CHURCH
1254,LESCHI PARTNERS L L P
1255,HUNT JULIA ROSE
1256,GREENLIND BUILDING LLC
1257,HELIX ELLIPSE APARTMENTS LLC
1258,COLLEGIAN COURT L L C
1259,GILBERT SEATTLE GROUP LLC
1260,LIONS BAY PROPERTIES LLC
1261,CUSHMAN DEBRA
1262,IV1 7700 2ND AVE S LLC
1263,BOYER TOWING INC
1264,VALI-HAI LIMITED PARTNERSHIP
1265,FIRST AND ROY LP
1266,TILDEN INVESTMENTS LLC
1267,BEL-AIR L L C
1268,DAE II L L C
1269,LAN FAMILY LLC
1270,LEVINSON MAYO LLC
1271,MVI 7TH AVENUE LLC
1272,4010 ASSOCIATES
1273,AQUA TERRACE LLC
1274,ORION APARTMENTS LLC
1275,MERIDIAN MANOR NORTH L L C
1276,MERIDIAN TERRACE APARTMENTS LLC
1277,ROOSEVELT SQUARE APARTMENTS LLC
1278,CEDRUS PROPERTIES LLC
1279,YU JUDY
1280,MULBERG CLIFFORD R+RUTH M
1281,TB 800 SECOND AVENUE LLC
1282,TW BRIGHT STARS II LLC
1283,MGP 42 LLC
1284,DELMONT APARTMENTS LLC
1285,QUEENS OAKS LLC
1286,VIRGINIA MASON MEDICAL CENTER % MARY ANNE OLMSTEAD
1287,MANOR PLACE LLC
1288,MAGNOLIA VISTA-MANOR LLC
1289,MAGNOLIA CRESTVIEW LLC
1290,MAGNOLIA APT INVESTMENTS LLC
1291,CASA LADARO LLC
1292,OVERLOOK MAGNOLIA APARTMENTS LLC
1293,PRM PROPERTY MANAGEMENT LLC
1294,INDONESIAN FULL GOSPEL FELLOWSHIP OF STATE OF WASHINGTON
1295,BILLINGS MIDDLE SCHOOL
1296,ROOSEVELT PARK APARTMENTS LLC
1297,KISH LLC
1298,JAMES B ROSE FAMILY LLC
1299,FREMONT COURT INVESTMENTS LLC
1300,WALLINGFORD MIRABELLA L L C
1301,MILAN APARTMENTS LLC
1302,GUINEVERE LLC
1303,MADISON PLACE AT 19TH L L C
1304,UNION GOSPEL MISSION ASSN SEAT
1305,QUINTON PROPERTIES LLC
1306,4-N ASSOCIATES L L C
1307,1205 EAST PIKE LLC
1308,WEISS-JENKINS III LLC
1309,GORDON ELYSE
1310,CASCADIA APARTMENTS C/O CASCADIA APARTMENTS C/O GEMPERLE A RICHARD+MARY BETH
1311,MADISON CROSSING LLC
1312,OLYMPIAN LLC
1313,PROJECT S47 LLC
1314,BYRON MICHAEL
1315,PARK ROYAL APARTMENTS LLC
1316,ARLLIS ARMS APARTMENTS LLC
1317,UPPER PINE LLC
1318,EQR-PACKARD LLC
1319,STORAGE EQUITIES INC
1320,900 E PINE LLC
1321,LEE PLAZA ASSOCIATES LLC
1322,11TH AVENUE & 47TH STREET LLC
1323,SUNRISE CASCADE L L C
1324,FREEWAY PROPERTIES LLC
1325,MADISON COURT PARTNERS LIMITED LIABILITY COMPANY
1326,EQR-PEARL LLC
1327,JEWISH FAMILY SVCS OF SEATTTLE
1328,MACRI THERESA
1329,WRIGHT ERIN L
1330,DPE INVESTMENTS LLC
1331,HENRY PROSPEROUS PROPERTY LLC
1332,1700 MADISON APARTMENTS LLC
1333,UNION 18 PARTNERS LLC
1334,9620 STONE AVENUE NORTH LLC
1335,LICTON SPRINGS LLC
1336,FITZ L L C
1337,HALCYON APARTMENTS LLC
1338,U S WEST COMMUNICATIONS
1339,NW LIMITED PARTNERSHIP
1340,BROWN JODI LEE
1341,PARK MANOR APARTMENTS LLC C/O STANLEY KOKI
1342,WEST SEATTLE APARTMENTS & HOMES LLC
1343,EVARONE JACK W
1344,MERIDIAN ASSOCIATES APARTMENTS L L C
1345,COLONY SURF LLC
1346,CAR WASH ENTERPRISES INC
1347,LAKESHORE DEVELOPMENT ASSOC L P
1348,DESC RAINIER HOUSING L P
1349,MT BAKER VILLAGE LLLP
1350,1531 BROADWAY LLC
1351,VILLA ACADEMY
1352,JSP ARTERRA LLC  ET AL
1353,ESSEX BROADWAY LLC
1354,AGNES PISTON L L C
1355,MG AT UNIVERSITY LLC
1356,U S WEST COMMUNICATIONS INC
1357,WPPI SEATTLE AC LLC
1358,QUALITY FOOD CENTERS
1359,COPPINS WELL OWNER LLC
1360,MUNICIPAL OF METROPOL SEATTLE
1361,COLUMBIA II BROADWAY MARKET LLC
1362,17910 BURBANK LLC
1363,DB FIVE SEATTLE GROCERY LLC
1364,LOTS II L L C
1365,47TH STREET DEVELOPMENT LLLP
1366,HC-HMG L L C
1367,1222 EAST MADISON L L C
1368,NESOR INVESTMENT CO
1369,JEFFERSON & 12TH LLC
1370,19TH AND MADISON LLC
1371,HLI KOI LLC
1372,PINE & BELMONT LLC
1373,400 QUEEN ANNE LP
1374,JPPF HPC L P
1375,BARCLAY 118 LLC
1376,RAINIER VISTA BLOCK 43 OWNER LP
1377,RAR2 QUEEN ANNE-SEVEN HILLS QRS LLC
1378,DEXTER CITY LLC
1379,TREA UNION AT SLU APRTMENTS LLC
1380,FSC REALTY LLC
1381,NORTHPOINT COLLAGE LLC
1382,DESC DELRIDGE SUPPORTIVE HOUSING LP
1383,T-C UPTOWN APAPRTMENTS LLC
1384,SVF ADMIRAL SAFEWAY SEATTLE LLC
1385,H2O APARTMENTS LLC
1386,SEATTLE CHILDREN'S HOSPITAL
1387,CITY INVESTORS XII L L C
1388,BF BLOCKER LLC
1389,ROOSTER APARTMENTS I LLC
1390,BWC III LLC
1391,ENGELMANNII HOUSE LLC
1392,ICP 418 BELLEVUE LLC
1393,LEILANI ON GREENWOOD APARTMENTS LLC
1394,PACNORTH PROPERTIES LLC+RIVERCROFT REAL ESTATE ASSETS LLC
1395,CP5 BELAY LLC
1396,ACC OP 12TH AVENUE LLC
1397,MERCER ST I LLC+MERCER II LLC+MERCER III LLC+MERCER IV LLC+MERCER V LLC
1398,ASC MADISON LLC
1399,GORDON VAN BUREN LLC +1711 FELSON PARTNERS LP
1400,CRAWFORD GROUP OF SEATTLE L L C THE
1401,PATHFINDER SEATTLE HOLDINGS LLC
1402,RIVET URBAN HOMES LLC+RIVET URBAN HOMES II LLC
1403,AURORA HOUSING DEVELOPMENT LLC
1404,500 BELMONT AVENUE E LLC
1405,LPF SLATE LLC
1406,TEHAMA GATSBY LLC
1407,GREEN LAKE JOINT VENTURE LLC
1408,ASB SUNSET ELECTRIC LLC
1409,EQR-SQUARE ONE LLC
1410,EQR-MARKET STREET LANDING L L C
1411,SEATTLE MADISON LLC
1412,PUGET SOUND EDUCATIONAL SERVICES DISTRICT
1413,MCCLELLAN APRARTMENTS LLC
1414,FIRST HILL EIGHTH AVENUE PROPCO LLC
1415,RAR2 QUEEN ANNE - METRO MARKET QRS LLC
1416,BROADSTONE CAPITAL HILL VENTURE LLC
1417,ESSEX CANVAS LLC
1418,BOYS & GIRLS CLUBS OF KING COUNTY `
1419,UNION INVESTMENT REAL ESTATE GMBH
1420,12 MADISON INVESTMENT LLC
1421,LUTHERAN RETIREMENT HOME OF GREATER SEATTLE
1422,954 EAST UNION LLC
1423,VALOR APARTMENT ASSOCIATES
1424,FLATS AT INTERBAY LIMITED PARTNERSHIP
1425,CSIFV-COLUMBIA CITY LLC
1426,APERTURE ON FIFTH AVE APARTMENTS LLC
1427,ASB REO FLATS LLC
1428,SITCHENSIS HOUSE LLC
1429,C150-II 4106 12TH AVE NE LLC
1430,1515 LEARY WAY ASSOCIATES LLC
1431,B & O DEVELOPMENT L L C
1432,SEDONA APARTMENTS LLC
1433,PPF AMLI 2428 NW MARKET STREET LLC
1434,TEHAMA JAX LLC+FR JAX LLC
1435,LIGHTBOX LLC
1436,ICP 422 SUMMIT LLC
1437,CAROLINE W LLC
1438,12TH AVENUE MARKETPLACE L L C
1439,120 HARVARD AVENUE E LLC
1440,WEATHERFORD APARTMENTS LLC
1441,ANGELINE OWNER LLC
1442,CR DEXTER STATION LLC
1443,KW RADIUS LLC +LF RADIUS TIC LLC
1444,USQ PHASE EIGHT LLC
1445,SODO PARTNERS LLC
1446,CWS ANTHEM LP
1447,RF SIDNEYSEA TIC LLC +BRAZIL 7STAR LLC
1448,EQR -TALLMAN LLC
1449,BRE BMR 1101 WESTLAKE LLC
1450,TRPF 1525 HARVARD AVENUE LLC
1451,400 FAIRVIEW AVE LLC
1452,KIM ED
1453,TA PIKE MOTORWORKS LLC
1454,7747 AVIATION LLC
1455,SOREN APARTMENTS LLC
1456,GREENWOOD PLACE L L C
1457,ACC OP 11TH AVE LLC
1458,HAMLIN ROBINSON SCHOOL
1459,605 15TH AVENUE LLC
1460,ROOSTER APARTMENTS LLC
1461,ASC QUEEN ANNE LLC
1462,DESC INTERBAY SUPPORTIVE HOUSING LP
1463,36 FREMONT GREEN LLC
1464,DAY 31 LLC
1465,C150-II 4717 BROOKLYN AVE NE LLC
1466,YESLER TERRACE OWNERS ASSOCIATION
1467,WASHINGTON BUILDERS LLC
1468,BROADSTONE SKY LLC
1469,CIELE AZUL QA FLATS LLC
1470,TMUD GSL LLC
1471,HH SEATTLE LLC
1472,ACADEMIA PLACE LLC
1473,FHF I BALLARD LOFTS LLC
1474,FIRENZE LLC
1475,EQR-SPRINGLINE LLC
1476,ARIMOCC LLC
1477,BRE-BMR 34TH LLC
1478,R D MERRILL AT BALLARD I LLC
1479,MU 68TH & 8TH OWNER LLC
1480,ASC QUEEN ANNE SPU LLC
1481,1701 DEXTER LLC
1482,1550 ARMORY LLC
1483,CLARENDON KS LLC (76.22%-INT)+CLARENDON RAY LLC (23.78%-INT) (TNTS IN CMN)
1484,ORIGIN APARTMENT INVESTORS LLC
1485,BENDER DEVELOPMENT LP+BENDER EQUITIES INC
1486,BALLARD MILTIFAMILY ACQUISITION LLC
1487,RISE-CG CAPITOL HILL LP
1488,EQR-MARK ON 8TH LLC
1489,PINE & MELROSE LLC
1490,PHN WEST SEATTLE LLC +IRONHORSE TO WEST SEATTLE LLC +ET AL
1491,DECIBEL APARTMENTS LLC
1492,REVERB APARTMENTS LLC
1493,RF URBANSEA TIC LLC +URBAN UNION STAR LLC
1494,MAD FLATS LLC
1495,VIVE APARTMENTS LLC
1496,ACC OP (CORE) LLC
1497,ARE SEATTLE NO 45 OWNER LLC
1498,GREEN LAKE PHASE II LLC
1499,BELLEVUE AVE COVE HOLDINGS LLC + ET AL
1500,SHELTON INVESTOR JV LLC
1501,LAKE CITY PROJECT ASSOCIATES
1502,AUGUSTA OWNER LLC
1503,4730 32ND AVENUE DEVELOPMENT II LLC
1504,GS ZIG LLC
1505,NORTHGATE LODGING LLLP
1506,20TH BLUE STONE LLC
1507,1200 PIKE LLC
1508,24 ETRURIA LLC
1509,LE MADISON LLC
1510,LE CASITA L L C
1511,BPP HOLLAND MARINA SLU LLC
1512,BPP HOLLAND ONE LAKEFRONT LLC
1513,219 1ST AVE N LLC
1514,DAIWA WILSHIRE SEATTLE I SPE LLC
1515,ROOSEVELT STATION I LLC +ROOSEVELT STATION II LLC
1516,NOVO ROOSEVELT LLC
1517,KEELSON PARTNERS LLC
1518,2051 MADISON STREET PARTNERS LLC
1519,GRANCORP LARSSON LLC
1520,BEACON HILL VENTURES LLC
1521,SRMAHULVEGA LLC
1522,CONAM HOLMAN 13 OWNER LLC
1523,ACME WMR ORI LLC
1524,19 W HARRISON LLC
1525,PARSONAGE APARTMENTS LLC
1526,CHERRY ST LLC
1527,BROOK IV LLC
1528,CRUISE LLC
1529,PONTE GADEA SEATTLE LLC
1530,IRP CHROMA APARTMENTS LLC
1531,NORDIC HERITAGE MUSEUM FOUNDATION
1532,2ND & JOHN APARTMENTS LLC
1533,GI TC SEATTLE LLC
1534,ATHLON LLC
1535,JEFFERSON PARK LLC
1536,J G CAPITAL HILL LLC
1537,1420 EAST MADISON STREET LLC
1538,PIKE FLATS LLC
1539,DESC ESTEELE SUPPORTIVE HOUSING LP
1540,EAST UNION 22 LLC
1541,HB ECOLUXE PARTNERS LLC
1542,OTHELLO NORTH LP
1543,SEAFREEZE ACQUISITION LLC
1544,LINEAGE WA POS RE 2 LLC
1545,IMMUNEX CORPORATION
1546,CITY INVESTORS XXIV LLC
1547,YESLER INVESTORS 2 LLC
1548,YESLER INVESTORS 3 LLC
1549,ZELLA APARTMENTS LLC
1550,VBGO DANFORTH LLC
1551,VITALITY ON HOWELL LLC
1552,1570 W ARMORY LLC
1553,PHINNEY FLATS LLC
1554,1625 W WHEELER LLC
1555,WCSD 6020 RAINIER AVE S LLC
1556,AMSTAR KOZ SLU LLC
1557,WC SEATTLE VI SPE LLC
1558,6301 15TH AVE NW LLC
1559,BOREN AND SPRUCE LLC
1560,4801 FAUNTLEROY LLC
1561,EPIC PROPERTY MANAGEMENT L L C
1562,IRP PERRY APARTMENTS LLC
1563,GARFIELD FAMILY LLC
1564,7011 ROOSEVELT WAY NE LLC
1565,DRAVUS APARTMENTS LLC
1566,COMPASS BROADVIEW LLC
1567,SRMAHULLUNA LLC
1568,MARTIN SQUARED L L C
1569,RISE FLATS LLC
1570,BDR SONATA EAST LLC
1571,EQR-LANE LLC
1572,CAPITOL HILL TOD LLC
1573,SRMAHULTRACK66 LLC
1574,2200 BOSTON LLC
1575,USPF LANE LP
1576,442 NE MAPLE PLACE LLC
1577,ARION INVESTMENT L L C
1578,W R P ASSOCIATES HARVARD AVE LLC
1579,1700 W ARMORY LLC
1580,KOREA REPUBLIC OF
1581,HYCROFT INTERNATIONAL
1582,1511 DEXTER LIMITED PS
1583,2203 EASTLAKE AVE EAST LLC
1584,624 YALE OWNER LLC
1585,WASHINGTON REAL ESTATE HOLDINGS LLC
1586,MIRA VALLEY ASSOCIATES LLC
1587,GT LEXINGTON II LLC +GT LEXINGTON LLC
1588,INTERBAY URBAN STORAGE LLC
1589,PONTE GADEA KIARA LLC
1590,ASC RAVENNA LLC
1591,ASC ADMIRAL WAY LLC
1592,MARKET HOLDINGS COMPANY LLC
1593,BROADWAY ESTATES LLC
1594,NORTHGATE 3 LLC
1595,DEKA IMMOBILIEN INVESTMENT GMBH +DEKA-IMMOBILIENGLOBAL
1596,EQR-SAXTON LLC
1597,JUNE APARTMENTS LLC
1598,68TH AND ROOSEVELT LLC
1599,1145 REPUBLICAN ST WA OWNER LLC
1600,HOLGATE 12 LLC
1601,GREENLAKE SELF STORAGE LLC
1602,BELKORP ORION LLC
1603,403 DEXTER AVENUE NORTH GROUND OWNER LLC
1604,BROWN THEODORE F
1605,LMV 1702 BALLARD HOLDINGS LP
1606,BELL FUND VII JACKSON STREET LLC
1607,SS INTERBAY LLC
1608,BROOKLYN COURT LLC
1609,LIBERTY BANK COMMERCIAL LLC
1610,BELLWETHER VIEWS LLC
